-- phpMyAdmin SQL Dump
-- version 3.4.10.1
-- http://www.phpmyadmin.net
--
-- Servidor: localhost
-- Tiempo de generación: 24-11-2015 a las 13:16:05
-- Versión del servidor: 5.5.20
-- Versión de PHP: 5.3.10

SET SQL_MODE="NO_AUTO_VALUE_ON_ZERO";
SET time_zone = "+00:00";


/*!40101 SET @OLD_CHARACTER_SET_CLIENT=@@CHARACTER_SET_CLIENT */;
/*!40101 SET @OLD_CHARACTER_SET_RESULTS=@@CHARACTER_SET_RESULTS */;
/*!40101 SET @OLD_COLLATION_CONNECTION=@@COLLATION_CONNECTION */;
/*!40101 SET NAMES utf8 */;

--
-- Base de datos: `convenciones_colectivas`
--

-- --------------------------------------------------------

--
-- Estructura de tabla para la tabla `activerecordlog`
--

CREATE TABLE IF NOT EXISTS `activerecordlog` (
  `id` int(10) unsigned NOT NULL AUTO_INCREMENT,
  `description` varchar(255) CHARACTER SET latin1 DEFAULT NULL,
  `action` varchar(20) CHARACTER SET latin1 DEFAULT NULL,
  `model` varchar(45) CHARACTER SET latin1 DEFAULT NULL,
  `idModel` int(10) unsigned DEFAULT NULL,
  `field` varchar(45) CHARACTER SET latin1 DEFAULT NULL,
  `creationdate` timestamp NOT NULL DEFAULT CURRENT_TIMESTAMP ON UPDATE CURRENT_TIMESTAMP,
  `userid` varchar(45) CHARACTER SET latin1 DEFAULT NULL,
  PRIMARY KEY (`id`)
) ENGINE=InnoDB  DEFAULT CHARSET=utf8 AUTO_INCREMENT=60 ;

--
-- Volcado de datos para la tabla `activerecordlog`
--

INSERT INTO `activerecordlog` (`id`, `description`, `action`, `model`, `idModel`, `field`, `creationdate`, `userid`) VALUES
(1, 'User admin created Convencion[30].', 'CREATE', 'Convencion', 30, '', '2015-11-10 13:24:54', '1'),
(2, 'User historico created Convencion[31].', 'CREATE', 'Convencion', 31, '', '2015-11-10 13:34:22', '4'),
(8, 'User historico created nomina ultimo id 552', 'CREATE', 'Nomina', 552, NULL, '2015-11-10 14:24:50', '4'),
(9, 'User historico create trabajador ultimo id552', 'CREATE', 'trabajador_nomina', 552, NULL, '2015-11-10 14:24:50', '4'),
(10, 'User admin created nomina ultimo id 604', 'CREATE', 'Nomina', 604, NULL, '2015-11-10 15:33:28', '1'),
(11, 'User admin create trabajador ultimo id604', 'CREATE', 'trabajador_nomina', 604, NULL, '2015-11-10 15:33:28', '1'),
(12, 'User admin update trabajador columnatrabajadores_amparados_conve_col', 'UPDATE', 'trabajador_nomina', 598, NULL, '2015-11-10 15:33:58', '1'),
(13, 'User admin update trabajador columnatrabajadores_afiliados_sindicato', 'UPDATE', 'trabajador_nomina', 598, NULL, '2015-11-10 15:33:59', '1'),
(14, 'User admin update trabajador columnasecretario_general', 'UPDATE', 'trabajador_nomina', 562, NULL, '2015-11-10 15:33:59', '1'),
(15, 'User admin update trabajador columnasecretario_ejecutivo', 'UPDATE', 'trabajador_nomina', 592, NULL, '2015-11-10 15:33:59', '1'),
(16, 'User admin update trabajador columnasecretario_tesorero', 'UPDATE', 'trabajador_nomina', 559, NULL, '2015-11-10 15:33:59', '1'),
(17, 'User admin update trabajador columnasecretario_finanzas', 'UPDATE', 'trabajador_nomina', 582, NULL, '2015-11-10 15:33:59', '1'),
(18, 'User admin update trabajador columnasecretario_trabajo_reclamos', 'UPDATE', 'trabajador_nomina', 588, NULL, '2015-11-10 15:33:59', '1'),
(19, 'User admin update trabajador columnasecretario_cultura_deporte', 'UPDATE', 'trabajador_nomina', 580, NULL, '2015-11-10 15:33:59', '1'),
(20, 'User admin update trabajador columnasecretario_organizacion', 'UPDATE', 'trabajador_nomina', 560, NULL, '2015-11-10 15:33:59', '1'),
(21, 'User admin update trabajador columnasecretario_actas_correspondencias', 'UPDATE', 'trabajador_nomina', 594, NULL, '2015-11-10 15:33:59', '1'),
(22, 'User admin update trabajador columnasecretario_salud_laboral', 'UPDATE', 'trabajador_nomina', 566, NULL, '2015-11-10 15:33:59', '1'),
(23, 'User admin update trabajador columnasecretario_vigilancia_disciplina', 'UPDATE', 'trabajador_nomina', 597, NULL, '2015-11-10 15:33:59', '1'),
(24, 'User admin update trabajador columnasecretario_otro', 'UPDATE', 'trabajador_nomina', 572, NULL, '2015-11-10 15:33:59', '1'),
(25, 'User admin update trabajador columnadelegado_sindical', 'UPDATE', 'trabajador_nomina', 587, NULL, '2015-11-10 15:34:00', '1'),
(26, 'User admin changed telefono for Empresa[3].', 'CHANGE', 'Empresa', 3, 'telefono', '2015-11-11 19:16:49', '1'),
(27, 'User admin changed fecha_deposito for Convencion[8].', 'CHANGE', 'Convencion', 8, 'fecha_deposito', '2015-11-11 20:40:50', '1'),
(28, 'User admin changed fecha_inicio for Convencion[8].', 'CHANGE', 'Convencion', 8, 'fecha_inicio', '2015-11-11 20:40:50', '1'),
(29, 'User admin changed fecha_venc for Convencion[8].', 'CHANGE', 'Convencion', 8, 'fecha_venc', '2015-11-11 20:40:50', '1'),
(30, 'User admin changed fecha_auto_homo for Convencion[8].', 'CHANGE', 'Convencion', 8, 'fecha_auto_homo', '2015-11-11 20:40:51', '1'),
(31, 'User admin changed municipio for Empresa[3].', 'CHANGE', 'Empresa', 3, 'municipio', '2015-11-12 15:47:26', '1'),
(32, 'User admin changed parroquia for Empresa[3].', 'CHANGE', 'Empresa', 3, 'parroquia', '2015-11-12 15:47:51', '1'),
(33, 'User admin changed telefono for Empresa[3].', 'CHANGE', 'Empresa', 3, 'telefono', '2015-11-12 15:47:51', '1'),
(34, 'User admin changed telefono for Empresa[3].', 'CHANGE', 'Empresa', 3, 'telefono', '2015-11-12 15:47:59', '1'),
(35, 'User admin changed estado for Empresa[3].', 'CHANGE', 'Empresa', 3, 'estado', '2015-11-12 16:12:55', '1'),
(36, 'User admin changed municipio for Empresa[3].', 'CHANGE', 'Empresa', 3, 'municipio', '2015-11-12 16:12:55', '1'),
(37, 'User admin changed parroquia for Empresa[3].', 'CHANGE', 'Empresa', 3, 'parroquia', '2015-11-12 16:12:55', '1'),
(38, 'User admin changed telefono for Empresa[3].', 'CHANGE', 'Empresa', 3, 'telefono', '2015-11-12 16:12:55', '1'),
(39, 'User admin changed duracion_meses for Convencion[8].', 'CHANGE', 'Convencion', 8, 'duracion_meses', '2015-11-16 14:46:33', '1'),
(40, 'User admin changed telefono for Empresa[3].', 'CHANGE', 'Empresa', 3, 'telefono', '2015-11-17 13:44:54', '1'),
(41, 'User admin deleted Empresa[10].', 'DELETE', 'Empresa', 10, '', '2015-11-17 20:09:37', '1'),
(42, 'User admin deleted Convencion[17].', 'DELETE', 'Convencion', 17, '', '2015-11-17 20:10:33', '1'),
(43, 'User admin created nomina ultimo id 704', 'CREATE', 'Nomina', 704, NULL, '2015-11-18 13:55:10', '1'),
(44, 'User admin created nomina ultimo id 754', 'CREATE', 'Nomina', 754, NULL, '2015-11-18 16:51:25', '1'),
(45, 'User admin created nomina ultimo id 804', 'CREATE', 'Nomina', 804, NULL, '2015-11-18 20:10:48', '1'),
(46, 'User admin created nomina ultimo id 854', 'CREATE', 'Nomina', 854, NULL, '2015-11-19 14:47:37', '1'),
(47, 'User admin update trabajador columna trabajadores_amparados_conve_col', 'UPDATE', 'trabajador_nomina', 8, NULL, '2015-11-19 16:11:16', '1'),
(48, 'User admin update trabajador columna trabajadores_afiliados_sindicato', 'UPDATE', 'trabajador_nomina', 8, NULL, '2015-11-19 16:11:16', '1'),
(49, 'User admin created nomina ultimo id 904', 'CREATE', 'Nomina', 904, NULL, '2015-11-19 18:10:15', '1'),
(50, 'User admin created nomina ultimo id 954', 'CREATE', 'Nomina', 954, NULL, '2015-11-20 13:25:43', '1'),
(51, 'User admin created nomina ultimo id 1004', 'CREATE', 'Nomina', 1004, NULL, '2015-11-23 13:51:10', '1'),
(52, 'User admin created nomina ultimo id 1054', 'CREATE', 'Nomina', 1054, NULL, '2015-11-23 15:48:21', '1'),
(53, 'User admin created nomina ultimo id 1104', 'CREATE', 'Nomina', 1104, NULL, '2015-11-23 15:48:46', '1'),
(54, 'User admin created nomina ultimo id 50', 'CREATE', 'Nomina', 50, NULL, '2015-11-23 15:54:44', '1'),
(55, 'User admin created nomina ultimo id 100', 'CREATE', 'Nomina', 100, NULL, '2015-11-23 16:00:32', '1'),
(56, 'User admin created nomina ultimo id 50', 'CREATE', 'Nomina', 50, NULL, '2015-11-23 16:07:17', '1'),
(57, 'User admin created nomina ultimo id 101', 'CREATE', 'Nomina', 101, NULL, '2015-11-23 18:31:07', '1'),
(58, 'User admin changed razon_social for Empresa[3].', 'CHANGE', 'Empresa', 3, 'razon_social', '2015-11-23 18:56:29', '1'),
(59, 'User admin created nomina ultimo id 151', 'CREATE', 'Nomina', 151, NULL, '2015-11-23 20:13:51', '1');

-- --------------------------------------------------------

--
-- Estructura de tabla para la tabla `ambito`
--

CREATE TABLE IF NOT EXISTS `ambito` (
  `id` int(11) NOT NULL,
  `nombre_ambito` varchar(25) CHARACTER SET latin1 NOT NULL,
  PRIMARY KEY (`id`)
) ENGINE=InnoDB DEFAULT CHARSET=utf8;

--
-- Volcado de datos para la tabla `ambito`
--

INSERT INTO `ambito` (`id`, `nombre_ambito`) VALUES
(1, 'Local'),
(2, 'Nacional'),
(3, 'Estadal'),
(4, 'Regional');

-- --------------------------------------------------------

--
-- Estructura de tabla para la tabla `clase`
--

CREATE TABLE IF NOT EXISTS `clase` (
  `id` bigint(20) unsigned NOT NULL AUTO_INCREMENT,
  `codigo_seccion` varchar(5) CHARACTER SET latin1 NOT NULL,
  `codigo_division` tinyint(4) NOT NULL,
  `codigo_grupo` tinyint(4) NOT NULL,
  `codigo_clase` tinyint(4) NOT NULL,
  `clase` varchar(255) CHARACTER SET latin1 NOT NULL,
  PRIMARY KEY (`id`),
  UNIQUE KEY `id` (`id`)
) ENGINE=InnoDB  DEFAULT CHARSET=utf8 AUTO_INCREMENT=429 ;

--
-- Volcado de datos para la tabla `clase`
--

INSERT INTO `clase` (`id`, `codigo_seccion`, `codigo_division`, `codigo_grupo`, `codigo_clase`, `clase`) VALUES
(1, 'A', 1, 1, 1, 'Cultivo de cereales'),
(2, 'A', 1, 1, 2, 'Cultivo de leguminosas, excepto en organopónicos, hidropónicos y para semillas'),
(3, 'A', 1, 1, 3, 'Cultivo de raíces y tubérculos, excepto para semillas'),
(4, 'A', 1, 1, 4, 'Cultivodehortalizasymelones,exceptoenorganopónicos,hidropónicosyparasemillas'),
(5, 'A', 1, 1, 5, 'Cultivo de semillas oleaginosas'),
(6, 'A', 1, 1, 6, 'Cultivo de caña de azúcar'),
(7, 'A', 1, 1, 7, 'Cultivo de tabaco'),
(8, 'A', 1, 1, 8, 'Cultivo de plantas de fibra'),
(9, 'A', 1, 1, 9, 'Cultivo de otras plantas no perennes'),
(10, 'A', 1, 2, 1, 'Cultivo de uva'),
(11, 'A', 1, 2, 2, 'Cultivo de frutas tropicales y subtropicales'),
(12, 'A', 1, 2, 3, 'Cultivo de cítricos'),
(13, 'A', 1, 2, 4, 'Cultivo de frutas de pepita y de hueso'),
(14, 'A', 1, 2, 5, 'Cultivo de otros frutos y nueces de árboles y arbustos'),
(15, 'A', 1, 2, 6, 'Cultivo de frutos oleaginosos'),
(16, 'A', 1, 2, 7, 'Cultivo de plantas con las que se preparan bebidas'),
(17, 'A', 1, 2, 8, 'Cultivo de especias y de plantas aromáticas, medicinales y farmacéuticas'),
(18, 'A', 1, 2, 9, 'Cultivo de plantas perennes n.c.p.'),
(19, 'A', 1, 3, 0, 'Propagación de plantas'),
(20, 'A', 1, 4, 1, 'Cría de ganado bovino'),
(21, 'A', 1, 4, 2, 'Cría de ganado equinos'),
(22, 'A', 1, 4, 3, 'Cría de ovinos y caprinos'),
(23, 'A', 1, 4, 4, 'Cría de porcinos'),
(24, 'A', 1, 4, 5, 'Cría de aves de corral'),
(25, 'A', 1, 4, 9, 'Cría de otros animales'),
(26, 'A', 1, 5, 0, 'Cultivodeprodoductosagrícolasencombinaciónconlacríadeanimales(unidadde producción agrícola mixta)'),
(27, 'A', 1, 6, 1, 'Actividades de apoyo a la agricultura'),
(28, 'A', 1, 6, 2, 'Actividades posteriores a la cosecha'),
(29, 'A', 1, 6, 3, 'Tratamiento de semillas para propagación'),
(30, 'A', 1, 6, 4, 'Actividades de apoyo a la ganadería'),
(31, 'A', 1, 7, 0, 'Caza ordinaria, mediante trampas y actividades de servicios conexas'),
(32, 'A', 2, 1, 0, 'Silvicultura y otras actividades forestales'),
(33, 'A', 2, 2, 0, 'Extracción de madera'),
(34, 'A', 2, 3, 0, 'Recolección de productos forestales distintos de la madera'),
(35, 'A', 2, 4, 0, 'Servicios de apoyo a la silvicultura'),
(36, 'A', 3, 1, 1, 'Pesca marítima'),
(37, 'A', 3, 1, 2, 'Pesca fluvial y lacustre'),
(38, 'A', 3, 2, 1, 'Acuicultura marítima'),
(39, 'A', 3, 2, 2, 'Acuicultura de agua dulce'),
(40, 'B', 5, 1, 0, 'Extracción de carbón de piedra'),
(41, 'B', 5, 2, 0, 'Extracción de lignito'),
(42, 'B', 6, 1, 0, 'Extracción de petróleo crudo'),
(43, 'B', 6, 2, 0, 'Extracción de gas natural'),
(44, 'B', 7, 1, 0, 'Extracción de minerales de hierro'),
(45, 'B', 7, 2, 1, 'Extracción de minerales de uranio y torio'),
(46, 'B', 7, 2, 9, 'Extracción de minerales metalíferos no ferrosos n.c.p.'),
(47, 'B', 8, 1, 0, 'Extracción de piedra, arena y arcilla'),
(48, 'B', 8, 9, 1, 'Extracción de minerales para la fabricación de abonos y productos químicos'),
(49, 'B', 8, 9, 2, 'Extracción de turba'),
(50, 'B', 8, 9, 3, 'Extracción de sal'),
(51, 'B', 8, 9, 9, 'Explotación de otras minas y canteras n.c.p.'),
(52, 'B', 9, 1, 0, 'Actividades de apoyo para la extracción de petróleo y gas natural'),
(53, 'B', 9, 9, 0, 'Actividades de apoyo para la explotación de otras minas y canteras'),
(54, 'C', 10, 1, 0, 'Elaboración y conservación de carne'),
(55, 'C', 10, 2, 0, 'Elaboración y conservación de pescado, crustáceos y moluscos'),
(56, 'C', 10, 3, 0, 'Elaboración y conservación de frutas, legumbres y hortalizas'),
(57, 'C', 10, 4, 0, 'Elaboración de aceites y grasas de origen vegetal y animal'),
(58, 'C', 10, 5, 0, 'Elaboración de productos lácteos'),
(59, 'C', 10, 6, 1, 'Elaboración de productos de molinería'),
(60, 'C', 10, 6, 2, 'Elaboracióndeaceitedemaíz,almidonesyproductosderivadosdelamolineríahúmeda de maíz y de los almidones'),
(61, 'C', 10, 7, 1, 'Elaboración de productos de panadería'),
(62, 'C', 10, 7, 2, 'Elaboración de azúcar'),
(63, 'C', 10, 7, 3, 'Elaboración de cacao y chocolate y de productos de confitería'),
(64, 'C', 10, 7, 4, 'Elaboración de macarrones, fideos, alcuzcuz y productos farináceos similares'),
(65, 'C', 10, 7, 5, 'Elaboración de comidas y platos preparados'),
(66, 'C', 10, 7, 9, 'Elaboración de otros productos alimenticios n.c.p.'),
(67, 'C', 10, 8, 0, 'Elaboración de alimentos balanceados para animales'),
(68, 'C', 11, 0, 1, 'Destilación, rectificación y mezcla de bebidas alcohólicas espirituosas'),
(69, 'C', 11, 0, 2, 'Elaboración de vinos'),
(70, 'C', 11, 0, 3, 'Elaboración de cervezas y de malta'),
(71, 'C', 11, 0, 4, 'Elaboracióndebebidasnoalcohólicas;produccióndeaguasmineralesyotrasaguasembotelladas'),
(72, 'C', 12, 0, 0, 'Elaboración de productos de tabaco'),
(73, 'C', 13, 1, 1, 'Preparación e hilatura de fibras textiles'),
(74, 'C', 13, 1, 2, 'Tejedura de productos textiles'),
(75, 'C', 13, 1, 3, 'Acabado de productos textiles'),
(76, 'C', 13, 9, 1, 'Fabricación de tejidos de punto y ganchillo'),
(77, 'C', 13, 9, 2, 'Fabricación de artículos confeccionados de materiales textiles, excepto prendas de vestir'),
(78, 'C', 13, 9, 3, 'Fabricación de tapices y alfombras'),
(79, 'C', 13, 9, 4, 'Fabricación de cuerdas, cordeles, bramantes y redes'),
(80, 'C', 13, 9, 9, 'Fabricación de otros productos textiles n.c.p.'),
(81, 'C', 14, 1, 0, 'Confección de prendas de vestir, excepto prendas de piel y cuero'),
(82, 'C', 14, 2, 0, 'Fabricación de artículos de piel'),
(83, 'C', 14, 3, 0, 'Fabricación de artículos de punto y ganchillo'),
(84, 'C', 15, 1, 1, 'Curtido y adobo de cueros, adobo y teñido de pieles'),
(85, 'C', 15, 1, 2, 'Fabricación de maletas, bolsos de mano y artículos de talabartería y guarnicionería'),
(86, 'C', 15, 2, 0, 'Fabricación de calzado, excepto ortopédico'),
(87, 'C', 16, 1, 0, 'Aserrado y acepilladura de madera (aserraderos)'),
(88, 'C', 16, 2, 1, 'Fabricación de hojas de madera para enchapado y tableros a base de madera'),
(89, 'C', 16, 2, 2, 'Fabricación de partes y piezas de carpintería para edificios y construcciones'),
(90, 'C', 16, 2, 3, 'Fabricación de recipientes de madera'),
(91, 'C', 16, 2, 9, 'Fabricacióndeotrosproductosdemadera;fabricacióndeartículosdecorcho,pajay materiales trenzables'),
(92, 'C', 17, 0, 1, 'Fabricación de pasta de madera, papel y cartón'),
(93, 'C', 17, 0, 2, 'Fabricación de papel y cartón ondulado y de envases de papel y cartón'),
(94, 'C', 17, 0, 9, 'Fabricación de otros artículos de papel y cartón'),
(95, 'C', 18, 1, 1, 'Actividades de impresión'),
(96, 'C', 18, 1, 2, 'Actividades de servicios relacionadas con la impresión'),
(97, 'C', 18, 2, 0, 'Reproducción de grabaciones'),
(98, 'C', 19, 1, 0, 'Fabricación de productos de hornos de coque'),
(99, 'C', 19, 2, 0, 'Fabricación de productos de la refinación del petróleo'),
(100, 'C', 20, 1, 1, 'Fabricación de sustancias químicas básicas'),
(101, 'C', 20, 1, 2, 'Fabricación de abonos y compuestos de nitrógeno'),
(102, 'C', 20, 1, 3, 'Fabricación de plásticos y caucho sintético en formas primarias'),
(103, 'C', 20, 2, 1, 'Fabricación de plaguicidas y otros productos químicos de uso agropecuario'),
(104, 'C', 20, 2, 2, 'Fabricacióndepinturas,barnicesyproductosderevestimientosimilares,tintasdeimprenta y masillas'),
(105, 'C', 20, 2, 3, 'Fabricacióndejabonesydetergentes,preparadosparalimpiarypulir,perfumesypreparados de tocador'),
(106, 'C', 20, 2, 9, 'Fabricación de otros productos químicos n.c.p.'),
(107, 'C', 20, 3, 0, 'Fabricación de fibras artificiales'),
(108, 'C', 21, 0, 0, 'Fabricacióndeproductosfarmacéuticos,sustanciasquímicasmedicinalesyproductos botánicos de uso farmacéutico'),
(109, 'C', 22, 1, 1, 'Fabricacióndecubiertasycámarasdecaucho;recauchutadoyrenovacióndecubiertas de caucho'),
(110, 'C', 22, 1, 9, 'Fabricación de otros productos de caucho'),
(111, 'C', 22, 2, 0, 'Fabricación de productos de plástico'),
(112, 'C', 23, 1, 0, 'Fabricación de vidrio y productos de vidrio'),
(113, 'C', 23, 9, 1, 'Fabricación de productos refractarios'),
(114, 'C', 23, 9, 2, 'Fabricación de materiales de arcilla para la construcción'),
(115, 'C', 23, 9, 3, 'Fabricación de otros productos de porcelana y de cerámica'),
(116, 'C', 23, 9, 4, 'Fabricación de cemento, cal y yeso'),
(117, 'C', 23, 9, 5, 'Fabricación de artículos de hormigón, cemento y yeso'),
(118, 'C', 23, 9, 6, 'Corte, talla y acabado de la piedra'),
(119, 'C', 23, 9, 9, 'Fabricación de otros productos minerales no metálicos n.c.p.'),
(120, 'C', 24, 1, 0, 'Industrias básicas de hierro y acero'),
(121, 'C', 24, 2, 0, 'Fabricación de productos primarios de metales preciosos y otros metales no ferrosos'),
(122, 'C', 24, 3, 1, 'Fundición de hierro y acero'),
(123, 'C', 24, 3, 2, 'Fundición de metales no ferrosos'),
(124, 'C', 25, 1, 1, 'Fabricación de productos metálicos para uso estructural'),
(125, 'C', 25, 1, 2, 'Fabricación de tanques, depósitos y recipientes de metal'),
(126, 'C', 25, 1, 3, 'Fabricacióndegeneradoresdevapor,exceptocalderasdeaguacalienteparacalefacción central'),
(127, 'C', 25, 2, 0, 'Fabricación de armas y municiones'),
(128, 'C', 25, 9, 1, 'Forja, prensado, estampado y laminado de metales; pulvimetalurgia'),
(129, 'C', 25, 9, 2, 'Tratamiento y revestimiento de metales; maquinado'),
(130, 'C', 25, 9, 3, 'Fabricacióndeartículosdecuchillería,herramientasdemanoyartículosdeferretería'),
(131, 'C', 25, 9, 9, 'Fabricación de otros productos elaborados de metal'),
(132, 'C', 26, 1, 0, 'Fabricación de componentes y tableros electrónicos'),
(133, 'C', 26, 2, 0, 'Fabricación de computadores y equipo periférico'),
(134, 'C', 26, 3, 0, 'Fabricación de equipo de comunicaciones'),
(135, 'C', 26, 4, 0, 'Fabricación de aparatos electrónicos de consumo'),
(136, 'C', 26, 5, 1, 'Fabricación de equipo de medición, prueba, navegación y control'),
(137, 'C', 26, 5, 2, 'Fabricación de relojes'),
(138, 'C', 26, 6, 0, 'Fabricacióndeequipodeirradiaciónyequipoelectrónicodeusomédicoyterapéutico'),
(139, 'C', 26, 7, 0, 'Fabricación de instrumentos ópticos y equipo fotográfico'),
(140, 'C', 26, 8, 0, 'Fabricación de soportes magnéticos y ópticos'),
(141, 'C', 27, 1, 0, 'Fabricacióndemotores,generadoresytransformadoreseléctricosyaparatosdedistribución y control de la energía eléctrica'),
(142, 'C', 27, 2, 0, 'Fabricación de pilas, baterías y acumuladores'),
(143, 'C', 27, 3, 1, 'Fabricación de cables de fibra óptica'),
(144, 'C', 27, 3, 2, 'Fabricación de otros hilos y cables eléctricos'),
(145, 'C', 27, 3, 3, 'Fabricación de dispositivos de cableado'),
(146, 'C', 27, 4, 0, 'Fabricación de equipo eléctrico de iluminación'),
(147, 'C', 27, 5, 0, 'Fabricación de aparatos de uso doméstico'),
(148, 'C', 27, 9, 0, 'Fabricación de otros tipos de equipo eléctrico'),
(149, 'C', 28, 1, 1, 'Fabricacióndemotoresyturbinas,exceptomotoresparaaeronaves,vehículosautomotores y motocicletas'),
(150, 'C', 28, 1, 2, 'Fabricación de equipo de propulsión de fluidos'),
(151, 'C', 28, 1, 3, 'Fabricación de otras bombas, compresores, grifos y válvulas'),
(152, 'C', 28, 1, 4, 'Fabricación de cojinetes, engranajes, trenes de engranajes y piezas de transmisión'),
(153, 'C', 28, 1, 5, 'Fabricación de hornos, hogueras y quemadores'),
(154, 'C', 28, 1, 6, 'Fabricación de equipo de elevación y manipulación'),
(155, 'C', 28, 1, 7, 'Fabricacióndemaquinariayequipodeoficina,exceptocomputadoresyequipoperiférico'),
(156, 'C', 28, 1, 8, 'Fabricación de herramientas de mano motorizadas'),
(157, 'C', 28, 1, 9, 'Fabricación de otros tipos de maquinaria de uso general'),
(158, 'C', 28, 2, 1, 'Fabricación de maquinaria agropecuaria y forestal'),
(159, 'C', 28, 2, 2, 'Fabricacióndemaquinariaparalaconformacióndemetalesydemáquinasherramienta'),
(160, 'C', 28, 2, 3, 'Fabricación de maquinaria metalúrgica'),
(161, 'C', 28, 2, 4, 'Fabricacióndemaquinariaparalaexplotacióndeminasycanterasyparaobrasdeconstrucción'),
(162, 'C', 28, 2, 5, 'Fabricación de maquinaria para la elaboración de alimentos, bebidas y tabaco'),
(163, 'C', 28, 2, 6, 'Fabricacióndemaquinariaparalaelaboracióndeproductostextiles,prendasdevestir y cueros'),
(164, 'C', 28, 2, 9, 'Fabricación de otros tipos de maquinaria de uso especial'),
(165, 'C', 29, 1, 0, 'Fabricación de vehículos automotores'),
(166, 'C', 29, 2, 0, 'Fabricacióndecarroceríasparavehículosautomotores;fabricaciónderemolquesysemirremolques'),
(167, 'C', 29, 3, 0, 'Fabricación de partes, piezas y accesorios para vehículos automotores'),
(168, 'C', 30, 1, 1, 'Construcción de buques y estructuras flotantes'),
(169, 'C', 30, 1, 2, 'Construcción de embarcaciones de recreo y deporte'),
(170, 'C', 30, 2, 0, 'Fabricación de locomotoras y material rodante'),
(171, 'C', 30, 3, 0, 'Fabricación de aeronaves, naves espaciales y maquinaria conexa'),
(172, 'C', 30, 4, 0, 'Fabricación de vehículos militares de combate'),
(173, 'C', 30, 9, 1, 'Fabricación de motocicletas'),
(174, 'C', 30, 9, 2, 'Fabricación de bicicletas y de sillones de ruedas para inválidos'),
(175, 'C', 30, 9, 9, 'Fabricación de otros tipos de equipo de transporte n.c.p.'),
(176, 'C', 31, 0, 0, 'Fabricación de muebles'),
(177, 'C', 32, 1, 1, 'Fabricación de joyas y artículos conexos'),
(178, 'C', 32, 1, 2, 'Fabricación de bisutería y artículos conexos'),
(179, 'C', 32, 2, 0, 'Fabricación de instrumentos musicales'),
(180, 'C', 32, 3, 0, 'Fabricación de artículos de deporte'),
(181, 'C', 32, 4, 0, 'Fabricación de juegos y juguetes'),
(182, 'C', 32, 5, 0, 'Fabricación de instrumentos y materiales médicos y odontológicos'),
(183, 'C', 32, 9, 0, 'Otras industrias manufactureras n.c.p.'),
(184, 'C', 33, 1, 1, 'Reparación de productos elaborados de metal'),
(185, 'C', 33, 1, 2, 'Reparación de maquinaria'),
(186, 'C', 33, 1, 3, 'Reparación de equipo electrónico y óptico'),
(187, 'C', 33, 1, 4, 'Reparación de equipo eléctrico'),
(188, 'C', 33, 1, 5, 'Reparación de equipo de transporte, excepto vehículos automotores'),
(189, 'C', 33, 1, 9, 'Reparación de otros tipos de equipo'),
(190, 'C', 33, 2, 0, 'Instalación de maquinaria y equipo industriales'),
(191, 'D', 35, 1, 0, 'Generación, transmisión y distribución de energía eléctrica'),
(192, 'D', 35, 2, 0, 'Producción de gas; distribución de combustibles gaseosos por tuberías'),
(193, 'D', 35, 3, 0, 'Suministro de vapor y de aire acondicionado'),
(194, 'E', 36, 0, 0, 'Captación, tratamiento y distribución de agua'),
(195, 'E', 37, 0, 0, 'Evacuación de aguas residuales'),
(196, 'E', 38, 1, 1, 'Recogida de desechos no peligrosos'),
(197, 'E', 38, 1, 2, 'Recogida de desechos peligrosos'),
(198, 'E', 38, 2, 1, 'Tratamiento y eliminación de desechos no peligrosos'),
(199, 'E', 38, 2, 2, 'Tratamiento y eliminación de desechos peligrosos'),
(200, 'E', 38, 3, 0, 'Recuperación de materiales'),
(201, 'E', 39, 0, 0, 'Actividades de descontaminación y otros servicios de gestión de desechos'),
(202, 'F', 41, 0, 0, 'Construcción de edificios'),
(203, 'F', 42, 1, 0, 'Construcción de carreteras, vías de ferrocarril, puentes y túneles'),
(204, 'F', 42, 2, 0, 'Construcción de proyectos de servicio público'),
(205, 'F', 42, 9, 0, 'Construcción de otras obras de ingeniería civil'),
(206, 'F', 43, 1, 1, 'Demolición'),
(207, 'F', 43, 1, 2, 'Preparación del terreno'),
(208, 'F', 43, 2, 1, 'Instalaciones eléctricas'),
(209, 'F', 43, 2, 2, 'Instalaciones de plomería, calefacción y aire acondicionado'),
(210, 'F', 43, 2, 9, 'Otras instalaciones para obras de construcción'),
(211, 'F', 43, 3, 0, 'Terminación y acabado de edificios'),
(212, 'F', 43, 9, 0, 'Otras actividades especializadas de construcción'),
(213, 'G', 45, 1, 0, 'Venta de vehículos automotores'),
(214, 'G', 45, 2, 0, 'Mantenimiento y reparación de vehículos automotores'),
(215, 'G', 45, 3, 0, 'Venta de partes, piezas y accesorios para vehículos automotores'),
(216, 'G', 45, 4, 0, 'Venta, mantenimiento y reparación de motocicletas y sus partes, piezas y accesorios'),
(217, 'G', 46, 1, 0, 'Venta al por mayor a cambio de una retribución o por contrata'),
(218, 'G', 46, 2, 0, 'Venta al por mayor de materias primas agropecuarias y animales vivos'),
(219, 'G', 46, 3, 1, 'Venta al por mayor de alimentos excepto para animales'),
(220, 'G', 46, 3, 2, 'Venta al mayor de alimentos para animales'),
(221, 'G', 46, 3, 3, 'Venta al por mayor de tabaco y bebidas'),
(222, 'G', 46, 4, 1, 'Venta al por mayor de productos textiles, prendas de vestir y calzado'),
(223, 'G', 46, 4, 9, 'Venta al por mayor de otros enseres domésticos'),
(224, 'G', 46, 5, 1, 'Venta al por mayor de computadores, equipo periférico y programas informáticos'),
(225, 'G', 46, 5, 2, 'Venta al por mayor de equipo, partes y piezas electrónicos y de telecomunicaciones'),
(226, 'G', 46, 5, 3, 'Venta al por mayor de maquinaria, equipo y materiales agropecuarios'),
(227, 'G', 46, 5, 9, 'Venta al por mayor de otros tipos de maquinaria y equipo'),
(228, 'G', 46, 6, 1, 'Ventaalpormayordecombustiblessólidos,líquidosygaseososyproductosconexos'),
(229, 'G', 46, 6, 2, 'Venta al por mayor de metales y minerales metalíferos'),
(230, 'G', 46, 6, 3, 'Ventaalpormayordematerialesdeconstrucción,artículosdeferreteríayequipoymateriales de fontanería y calefacción'),
(231, 'G', 46, 6, 9, 'Ventaalpormayordeplástico,desperdicios,desechos,chatarrayotrosproductosn.c.p.'),
(232, 'G', 46, 9, 0, 'Venta al por mayor no especializada'),
(233, 'G', 47, 1, 1, 'Ventaalpormenorencomerciosnoespecializadosconpredominiodelaventadealimentos, bebidas o tabaco'),
(234, 'G', 47, 1, 9, 'Otras actividades de venta al por menor en comercios no especializados'),
(235, 'G', 47, 2, 1, 'Venta al por menor de alimentos en comercios especializados'),
(236, 'G', 47, 2, 2, 'Ventaalpormenordebebidasencomerciosespecializados(licorerías,depósitosdelicores, etc.)'),
(237, 'G', 47, 2, 3, 'Venta al por menor de productos de tabaco en comercios especializados'),
(238, 'G', 47, 3, 0, 'Ventaalpormenordecombustiblesparavehículosautomotoresencomerciosespecializados'),
(239, 'G', 47, 4, 1, 'Venta al por menor de computadoras, equipo periférico, programas informáticos y equipo de telecomunicaciones en comercios especializados'),
(240, 'G', 47, 4, 2, 'Venta al por menor de equipo de sonido y de vídeo en comercios especializados'),
(241, 'G', 47, 5, 1, 'Venta al por menor de productos textiles en comercios especializados'),
(242, 'G', 47, 5, 2, 'Ventaalpormenordeartículosdeferretería,pinturasyproductosdevidrioencomercios especializados'),
(243, 'G', 47, 5, 3, 'Ventaalpormenordetapices,alfombrasycubrimientosparaparedesypisosencomercios especializados'),
(244, 'G', 47, 5, 9, 'Ventaalpormenordeaparatoseléctricosdeusodoméstico,muebles,equipodeiluminación y otros enseres domésticos en comercios especializados'),
(245, 'G', 47, 6, 1, 'Ventaalpormenordeproductosculturalesyrecreativosencomerciosespecializados'),
(246, 'G', 47, 6, 2, 'Ventaalpormenordegrabacionesdemúsicaydevídeoencomerciosespecializados'),
(247, 'G', 47, 6, 3, 'Venta al por menor de equipo de deporte en comercios especializados'),
(248, 'G', 47, 6, 4, 'Venta al por menor de juegos y juguetes en comercios especializados'),
(249, 'G', 47, 7, 1, 'Ventaalpormenordeprendasdevestir,calzadoyartículosdecueroencomerciosespecializados'),
(250, 'G', 47, 7, 2, 'Ventaalpormenordeproductosfarmacéuticosymedicinales,cosméticosyartículos de tocador en comercios especializados'),
(251, 'G', 47, 7, 3, 'Venta al por menor de otros productos nuevos en comercios e especializados'),
(252, 'G', 47, 7, 4, 'Venta al por menor de artículos de segunda mano'),
(253, 'G', 47, 8, 1, 'Venta al por menor de alimentos, bebidas y tabaco en puestos de venta y mercados'),
(254, 'G', 47, 8, 2, 'Ventaalpormenordeproductostextiles,prendasdevestirycalzadoenpuestosdeventa y mercados'),
(255, 'G', 47, 8, 9, 'Venta al por menor de otros productos en puestos de venta y mercados'),
(256, 'G', 47, 9, 1, 'Venta al por menor por correo y por Internet'),
(257, 'G', 47, 9, 9, 'Otrasactividadesdeventaalpormenornorealizadasencomercios,puestosdeventa o mercados'),
(258, 'H', 49, 1, 1, 'Transporte interurbano de pasajeros por ferrocarril'),
(259, 'H', 49, 1, 2, 'Transporte de carga por ferrocarril'),
(260, 'H', 49, 2, 1, 'Transporte urbano y suburbano de pasajeros por vía terrestre'),
(261, 'H', 49, 2, 2, 'Otras actividades de transporte por vía terrestre'),
(262, 'H', 49, 2, 3, 'Transporte de carga por carretera'),
(263, 'H', 49, 3, 0, 'Transporte por tuberías'),
(264, 'H', 50, 1, 1, 'Transporte de pasajeros marítimo y de cabotaje'),
(265, 'H', 50, 1, 2, 'Transporte de carga marítimo y de cabotaje'),
(266, 'H', 50, 2, 1, 'Transporte de pasajeros por vías de navegación interiores'),
(267, 'H', 50, 2, 2, 'Transporte de carga por vías de navegación interiores'),
(268, 'H', 51, 1, 0, 'Transporte de pasajeros por vía aérea'),
(269, 'H', 51, 2, 0, 'Transporte de carga por vía aérea'),
(270, 'H', 52, 1, 0, 'Almacenamiento y depósito'),
(271, 'H', 52, 2, 1, 'Actividades de servicios vinculadas al transporte terrestre'),
(272, 'H', 52, 2, 2, 'Actividades de servicios vinculadas al transporte acuático'),
(273, 'H', 52, 2, 3, 'Actividades de servicios vinculadas al transporte aéreo'),
(274, 'H', 52, 2, 4, 'Manipulación de la carga'),
(275, 'H', 52, 2, 9, 'Otras actividades de apoyo al transporte'),
(276, 'H', 53, 1, 0, 'Actividades postales'),
(277, 'H', 53, 2, 0, 'Actividades de mensajería'),
(278, 'I', 55, 1, 0, 'Actividades de alojamiento para estancias cortas'),
(279, 'I', 55, 2, 0, 'Actividadesdecampamentos,parquesdevehículosderecreoyparquesdecaravanas'),
(280, 'I', 55, 9, 0, 'Otras actividades de alojamiento'),
(281, 'I', 56, 1, 0, 'Actividades de restaurantes y de servicio móvil de comidas'),
(282, 'I', 56, 2, 1, 'Suministro de comidas por encargo'),
(283, 'I', 56, 2, 9, 'Otras actividades de servicio de comidas'),
(284, 'I', 56, 3, 0, 'Actividades de servicio de bebidas'),
(285, 'J', 58, 1, 1, 'Edición de libros'),
(286, 'J', 58, 1, 2, 'Edición de directorios y listas de correos'),
(287, 'J', 58, 1, 3, 'Edición de periódicos, revistas y otras publicaciones periódicas'),
(288, 'J', 58, 1, 9, 'Otras actividades de edición'),
(289, 'J', 58, 2, 0, 'Edición de programas informáticos'),
(290, 'J', 59, 1, 1, 'Actividadesdeproduccióndepelículascinematográficas,videosyprogramasdetelevisión'),
(291, 'J', 59, 1, 2, 'Actividades de postproducción de películas, videos y programas de televisión'),
(292, 'J', 59, 1, 3, 'Actividades de distribución de películas, videos y programas de televisión'),
(293, 'J', 59, 1, 4, 'Actividades de proyección de películas'),
(294, 'J', 59, 2, 0, 'Actividades de grabación de sonido y edición de música'),
(295, 'J', 60, 1, 0, 'Actividades programación y difusión de radio'),
(296, 'J', 60, 2, 0, 'Programación y transmisiones de televisión'),
(297, 'J', 61, 1, 0, 'Actividades de telecomunicaciones alámbricas'),
(298, 'J', 61, 2, 0, 'Actividades de telecomunicaciones inalámbricas'),
(299, 'J', 61, 3, 0, 'Actividades de telecomunicaciones por satélite'),
(300, 'J', 61, 9, 0, 'Otras actividades de telecomunicación n.c.p.'),
(301, 'J', 62, 0, 1, 'Actividades de programación, consultoría informática y actividades conexas'),
(302, 'J', 62, 0, 2, 'Actividades de consultoría informática y de gestión de instalaciones informáticas'),
(303, 'J', 62, 0, 9, 'Otras actividades de tecnología de la información y de servicios informáticos n.c.p.'),
(304, 'J', 63, 1, 1, 'Procesamiento de datos, hosting y actividades conexas'),
(305, 'J', 63, 1, 2, 'Portales Web'),
(306, 'J', 63, 9, 1, 'Actividades de agencias de noticias'),
(307, 'J', 63, 9, 9, 'Otros servicios de información n.c.p.'),
(308, 'K', 64, 1, 1, 'Servicios del Banco Central'),
(309, 'K', 64, 1, 9, 'Servicios de intermediación financiera n.c.p.'),
(310, 'K', 64, 2, 0, 'Actividades de sociedades de cartera'),
(311, 'K', 64, 3, 0, 'Fondos y sociedades de inversión'),
(312, 'K', 64, 9, 1, 'Otras actividades crediticias'),
(313, 'K', 64, 9, 9, 'Otras actividades de servicios financieros n.c.p.'),
(314, 'K', 65, 1, 1, 'Servicios de seguros de personas'),
(315, 'K', 65, 1, 2, 'Servicios de seguros generales (patrimoniales y de obligaciones y/o responsabilidad)'),
(316, 'K', 65, 2, 0, 'Reaseguros'),
(317, 'K', 65, 3, 0, 'Fondos de pensiones'),
(318, 'K', 66, 1, 1, 'Administración de mercados financieros'),
(319, 'K', 66, 1, 2, 'Corretaje de valores y de contratos de productos básicos'),
(320, 'K', 66, 1, 3, 'Otras actividades auxiliares de las actividades de servicios financieros'),
(321, 'K', 66, 2, 1, 'Evaluación de riesgos y daños'),
(322, 'K', 66, 2, 2, 'Servicios de productores de seguros'),
(323, 'K', 66, 2, 3, 'Servicios de empresas financiadoras de primas'),
(324, 'K', 66, 2, 9, 'Otras actividades auxiliares de las actividades de seguros y fondos de pensiones'),
(325, 'K', 66, 3, 0, 'Actividades de gestión de fondos'),
(326, 'L', 68, 1, 0, 'Actividades inmobiliarias realizadas con bienes propios o arrendados'),
(327, 'L', 68, 2, 0, 'Actividades inmobiliarias realizadas a cambio de una retribución o por contrata'),
(328, 'M', 69, 1, 0, 'Actividades jurídicas'),
(329, 'M', 69, 2, 0, 'Actividades de contabilidad, teneduría de libros y auditoría; consultoría fiscal'),
(330, 'M', 70, 1, 0, 'Actividades de oficinas centrales'),
(331, 'M', 70, 2, 0, 'Actividades de consultoría de gestión empresarial'),
(332, 'M', 71, 1, 0, 'Actividadesdearquitecturaeingenieríayactividadesconexasdeconsultoríatécnica'),
(333, 'M', 71, 2, 0, 'Ensayos y análisis técnicos'),
(334, 'M', 72, 1, 0, 'Investigacionesydesarrolloexperimentalenelcampodelascienciasnaturalesylaingeniería'),
(335, 'M', 72, 2, 0, 'Investigacionesydesarrolloexperimentalenelcampodelascienciassocialesylashumanidades'),
(336, 'M', 73, 1, 0, 'Publicidad'),
(337, 'M', 73, 2, 0, 'Estudios de mercado y encuestas de opinión pública'),
(338, 'M', 74, 1, 0, 'Actividades especializadas de diseño'),
(339, 'M', 74, 2, 0, 'Actividades de fotografía'),
(340, 'M', 74, 9, 0, 'Otras actividades profesionales, científicas y técnicas n.c.p.'),
(341, 'M', 75, 0, 0, 'Actividades veterinarias'),
(342, 'N', 77, 1, 0, 'Alquiler y arrendamiento de vehículos automotores'),
(343, 'N', 77, 2, 1, 'Alquiler y arrendamiento de equipo recreativo y deportivo'),
(344, 'N', 77, 2, 2, 'Alquiler de cintas de video y discos'),
(345, 'N', 77, 2, 9, 'Alquiler y arrendamiento de otros efectos personales y enseres domésticos'),
(346, 'N', 77, 3, 0, 'Alquiler y arrendamiento de otros tipos de maquinaria, equipo y bienes tangibles'),
(347, 'N', 77, 4, 0, 'Arrendamientodepropiedadintelectualyproductossimilares,exceptoobrasprotegidas por derechos de autor'),
(348, 'N', 78, 1, 0, 'Actividades de agencias de empleo'),
(349, 'N', 78, 2, 0, 'Actividades de agencias de empleo temporal'),
(350, 'N', 78, 3, 0, 'Otras actividades de dotación de recursos humanos'),
(351, 'N', 79, 1, 1, 'Actividades de agencias de viajes'),
(352, 'N', 79, 1, 2, 'Actividades de operadores turísticos'),
(353, 'N', 79, 9, 0, 'Otros servicios de reservas y actividades conexas'),
(354, 'N', 80, 1, 0, 'Actividades de seguridad privada'),
(355, 'N', 80, 2, 0, 'Actividades de servicios de sistemas de seguridad'),
(356, 'N', 80, 3, 0, 'Actividades de investigación'),
(357, 'N', 81, 1, 0, 'Actividades combinadas de apoyo a instalaciones'),
(358, 'N', 81, 2, 1, 'Limpieza general de edificios'),
(359, 'N', 81, 2, 9, 'Otras actividades de limpieza de edificios e instalaciones industriales'),
(360, 'N', 81, 3, 0, 'Actividades de paisajismo y servicios de mantenimiento conexos'),
(361, 'N', 82, 1, 1, 'Actividades combinadas de servicios administrativos de oficina'),
(362, 'N', 82, 1, 9, 'Fotocopiado,preparacióndedocumentosyotrasactividadesespecializadasdeapoyo de oficina'),
(363, 'N', 82, 2, 0, 'Actividades de centros de llamadas'),
(364, 'N', 82, 3, 0, 'Organización de convenciones y exposiciones comerciales'),
(365, 'N', 82, 9, 1, 'Actividades de agencias de cobro y agencias de calificación crediticia'),
(366, 'N', 82, 9, 2, 'Actividades de envasado y empaquetado'),
(367, 'N', 82, 9, 9, 'Otras actividades de servicios de apoyo a las empresas n.c.p.'),
(368, 'O', 84, 1, 1, 'Actividades de la administración pública en general'),
(369, 'O', 84, 1, 2, 'Regulacióndelasactividadesdeorganismosqueprestanserviciossanitarios,educativos,culturalesyotrosserviciossociales,exceptoserviciosdeseguridadsocial'),
(370, 'O', 84, 1, 3, 'Regulación y facilitación de la actividad económica'),
(371, 'O', 84, 2, 1, 'Relaciones exteriores'),
(372, 'O', 84, 2, 2, 'Actividades de defensa'),
(373, 'O', 84, 2, 3, 'Actividades de mantenimiento del orden público y de seguridad'),
(374, 'O', 84, 3, 0, 'Actividades de planes de seguridad social de afiliación obligatoria'),
(375, 'P', 85, 1, 0, 'Educación inicial y primaria'),
(376, 'P', 85, 2, 1, 'Educación media de formación general y técnica'),
(377, 'P', 85, 2, 2, 'Educación de formación técnica y profesional'),
(378, 'P', 85, 3, 0, 'Educación universitaria'),
(379, 'P', 85, 4, 1, 'Enseñanza deportiva y recreativa'),
(380, 'P', 85, 4, 2, 'Enseñanza cultural'),
(381, 'P', 85, 4, 9, 'Otros tipos de enseñanza n.c.p.'),
(382, 'P', 85, 5, 0, 'Actividades de apoyo a la enseñanza'),
(383, 'Q', 86, 1, 0, 'Servicios hospitalarios'),
(384, 'Q', 86, 2, 0, 'Servicios médicos y otros especialistas en consultorios'),
(385, 'Q', 86, 3, 0, 'Servicios de laboratorios clínicos y de diagnóstico por imagen'),
(386, 'Q', 86, 9, 0, 'Otras actividades relacionadas con la salud humana n.c.p.'),
(387, 'Q', 87, 1, 0, 'Servicios sociales con alojamiento relacionados con atención a la salud'),
(388, 'Q', 87, 2, 0, 'Serviciossocialesconalojamientoparapersonascondiscapacidadintelectual,enfermedad mental o adicciones'),
(389, 'Q', 87, 3, 0, 'Serviciossocialesconalojamientoparapersonasmayoresypersonascondiscapacidad'),
(390, 'Q', 87, 9, 0, 'Otros servicios sociales con alojamiento n.c.p.'),
(391, 'Q', 88, 1, 0, 'Serviciossocialessinalojamientoparapersonasmayoresypersonascondiscapacidad'),
(392, 'Q', 88, 9, 1, 'Servicios de atención a niños, niñas y adolescentes'),
(393, 'Q', 88, 9, 2, 'Servicios de atención a personas y familias'),
(394, 'Q', 88, 9, 3, 'Servicios comunitarios de alimentación'),
(395, 'Q', 88, 9, 4, 'Actividades de emergencia y socorro'),
(396, 'Q', 88, 9, 5, 'Actividadesdebeneficenciayotrasactividadesdeapoyoconfinesdeasistenciasocial'),
(397, 'Q', 88, 9, 9, 'Otras actividades de asistencia social sin alojamiento n.c.p.'),
(398, 'R', 90, 0, 0, 'Actividades creativas, artísticas y de entretenimiento'),
(399, 'R', 91, 0, 1, 'Actividades de bibliotecas y archivos'),
(400, 'R', 91, 0, 2, 'Actividades de museos y gestión de lugares y edificios históricos'),
(401, 'R', 91, 0, 3, 'Actividades de jardines botánicos y zoológicos y reservas naturales'),
(402, 'R', 92, 0, 0, 'Actividades de juegos de azar y apuestas'),
(403, 'R', 93, 1, 1, 'Gestión de instalaciones deportivas'),
(404, 'R', 93, 1, 2, 'Actividades de clubes deportivos'),
(405, 'R', 93, 1, 9, 'Otras actividades deportivas n.c.p.'),
(406, 'R', 93, 2, 1, 'Actividades de parques de atracciones y parques temáticos'),
(407, 'R', 93, 2, 9, 'Otras actividades de esparcimiento y recreativas n.c.p.'),
(408, 'S', 94, 1, 1, 'Actividades de asociaciones empresariales y de empleadores'),
(409, 'S', 94, 1, 2, 'Actividades de asociaciones profesionales'),
(410, 'S', 94, 2, 0, 'Actividades de sindicatos'),
(411, 'S', 94, 9, 1, 'Actividades de organizaciones religiosas'),
(412, 'S', 94, 9, 2, 'Actividades de organizaciones políticas'),
(413, 'S', 94, 9, 9, 'Actividades de otras asociaciones n.c.p.'),
(414, 'S', 95, 1, 1, 'Reparación de computadores y equipo periférico'),
(415, 'S', 95, 1, 2, 'Reparación de equipo de comunicaciones'),
(416, 'S', 95, 2, 1, 'Reparación de aparatos electrónicos de consumo'),
(417, 'S', 95, 2, 2, 'Reparación de aparatos de uso doméstico y equipo doméstico y de jardinería'),
(418, 'S', 95, 2, 3, 'Reparación de calzado y de artículos de cuero'),
(419, 'S', 95, 2, 4, 'Reparación de muebles y accesorios domésticos'),
(420, 'S', 95, 2, 9, 'Reparación de efectos personales y enseres domésticos n.c.p.'),
(421, 'S', 96, 0, 1, 'Lavadoylimpieza,incluidalalimpiezaenseco,deproductostextilesydepiel(tintorerías)'),
(422, 'S', 96, 0, 2, 'Peluquería y otros tratamientos de belleza'),
(423, 'S', 96, 0, 3, 'Pompas fúnebres y actividades conexas'),
(424, 'S', 96, 0, 9, 'Otras actividades de servicios personales n.c.p.'),
(425, 'T', 97, 0, 0, 'Actividades de los hogares como empleadores de personal doméstico'),
(426, 'T', 98, 1, 0, 'Actividades no diferenciadas de los hogares como productores de bienes para uso propio'),
(427, 'T', 98, 2, 0, 'Actividadesnodiferenciadasdeloshogarescomoproductoresdeserviciosparausopropio'),
(428, 'U', 99, 0, 0, 'Actividades de organizaciones y órganos extraterritoriales');

-- --------------------------------------------------------

--
-- Estructura de tabla para la tabla `clausuras`
--

CREATE TABLE IF NOT EXISTS `clausuras` (
  `id` bigint(20) unsigned NOT NULL AUTO_INCREMENT,
  `cod_convencion` bigint(20) unsigned NOT NULL,
  UNIQUE KEY `id` (`id`),
  KEY `cod_convencion` (`cod_convencion`)
) ENGINE=InnoDB DEFAULT CHARSET=utf8 AUTO_INCREMENT=1 ;

-- --------------------------------------------------------

--
-- Estructura de tabla para la tabla `contacto_empresa`
--

CREATE TABLE IF NOT EXISTS `contacto_empresa` (
  `id` bigint(20) unsigned NOT NULL AUTO_INCREMENT,
  `nombres` varchar(100) CHARACTER SET latin1 NOT NULL,
  `telefono` varchar(20) CHARACTER SET latin1 NOT NULL,
  `correo` varchar(100) CHARACTER SET latin1 NOT NULL,
  `cedula` varchar(20) CHARACTER SET latin1 NOT NULL,
  `id_empresa` int(11) NOT NULL,
  UNIQUE KEY `id` (`id`)
) ENGINE=InnoDB DEFAULT CHARSET=utf8 AUTO_INCREMENT=1 ;

-- --------------------------------------------------------

--
-- Estructura de tabla para la tabla `convencion`
--

CREATE TABLE IF NOT EXISTS `convencion` (
  `id` bigint(20) unsigned NOT NULL AUTO_INCREMENT,
  `nombre` varchar(255) CHARACTER SET latin1 NOT NULL,
  `numero_expediente` varchar(20) CHARACTER SET latin1 NOT NULL,
  `inspectoria` varchar(5) CHARACTER SET latin1 NOT NULL,
  `sector` int(11) NOT NULL,
  `ambito` int(11) NOT NULL,
  `edicion` int(11) NOT NULL,
  `fecha_deposito` date NOT NULL,
  `fecha_inicio` date NOT NULL,
  `fecha_venc` date NOT NULL,
  `duracion_meses` int(11) NOT NULL,
  `fecha_auto_homo` date NOT NULL,
  `costo_contrato` decimal(20,4) NOT NULL,
  `costo_contrato_sin_prestaciones` decimal(20,4) NOT NULL,
  `cod_convencion` varchar(11) CHARACTER SET latin1 NOT NULL,
  `referencia` varchar(15) CHARACTER SET latin1 NOT NULL COMMENT 'Orden (padre,hija)',
  PRIMARY KEY (`id`),
  UNIQUE KEY `id` (`id`),
  KEY `inspectoria` (`inspectoria`),
  KEY `ambito` (`ambito`),
  KEY `cod_convencion` (`cod_convencion`),
  KEY `referencia` (`referencia`)
) ENGINE=InnoDB  DEFAULT CHARSET=utf8 AUTO_INCREMENT=32 ;

--
-- Volcado de datos para la tabla `convencion`
--

INSERT INTO `convencion` (`id`, `nombre`, `numero_expediente`, `inspectoria`, `sector`, `ambito`, `edicion`, `fecha_deposito`, `fecha_inicio`, `fecha_venc`, `duracion_meses`, `fecha_auto_homo`, `costo_contrato`, `costo_contrato_sin_prestaciones`, `cod_convencion`, `referencia`) VALUES
(8, 'nueva', '121231231', '080', 2, 1, 1, '2015-10-16', '2015-10-28', '2016-10-06', 11, '2017-10-31', '10101010.0000', '1010101.0000', '8-02', ''),
(9, 'nueva', '11', '080', 2, 2, 2, '2015-10-14', '2015-10-14', '2015-10-14', 10, '2015-10-14', '121212.0000', '1212.0000', '8-06', ''),
(10, 'nueva', '2', '080', 2, 2, 2, '2015-10-14', '2015-10-13', '2015-10-13', 10, '2015-10-23', '100000.0000', '100000.0000', '8-01', ''),
(11, 'dede0', '11', '001', 2, 2, 2, '2015-10-14', '2015-10-07', '2015-10-07', 10, '2015-10-22', '121212.0000', '1010101.0000', '11-01', ''),
(12, 'desde1', '4', '001', 1, 1, 2, '2015-10-14', '2015-10-14', '2015-10-14', 10, '2015-10-14', '121212.0000', '1212.0000', '12-01', ''),
(13, 'nueva', '2', '080', 1, 1, 1010, '2015-10-15', '2015-10-15', '2015-10-15', 10, '2015-10-15', '259999.0000', '24999.0000', '8-04', ''),
(14, 'nueva', '199', '080', 1, 1, 2, '2015-10-15', '2015-10-15', '2015-10-15', 10, '2015-10-29', '121212.0000', '1212.0000', '8-05', ''),
(15, 'desde1', '1919', '001', 2, 1, 2, '2015-10-15', '2015-10-15', '2015-10-15', 10, '2015-10-15', '18888.0000', '81882.0000', '12-02', ''),
(18, 'nueva', '33333', '080', 1, 2, 12, '2015-10-21', '2015-10-15', '2015-10-08', 5, '2015-10-21', '10101010101010.0000', '10101010101.0000', '8-03', ''),
(19, 'nueva', '9999999', '001', 2, 3, 1, '2015-10-06', '2015-10-21', '2015-10-14', 10, '2015-10-20', '1010101.0000', '1010101.0000', '8-07', ''),
(20, 'nueva', '1010', '071', 2, 2, 2, '2015-10-07', '2015-10-15', '2015-10-08', 10, '2015-10-22', '121212.0000', '1212.0000', '8-08', ''),
(21, 'nueva', '1010101', '069', 2, 2, 2, '2015-10-21', '2015-10-21', '2015-10-14', 5, '2015-10-21', '1000000.0000', '1010101.0000', '8-09', ''),
(22, 'sindicato2', '92902912', '002', 2, 2, 2, '2015-10-01', '2015-10-29', '2015-10-28', 5, '2015-10-23', '121212.0000', '1212.0000', '22-01', ''),
(23, 'nueva', '898989', '080', 1, 2, 1, '2015-10-13', '2015-10-20', '2015-10-22', 12, '2015-09-30', '1000000.0000', '1010101.0000', '8-10', ''),
(24, 'sindicato3', '10101010101', '001', 2, 2, 2, '2015-10-21', '2015-10-14', '2015-10-22', 10, '2015-10-21', '1000000.0000', '1212.0000', '24-01', ''),
(25, 'sindicato4', '80808080', '001', 1, 1, 2, '2015-10-21', '2015-10-14', '2015-10-16', 10, '2015-10-21', '1000000.0000', '1010101.0000', '25-01', ''),
(26, 'sindicato4', '1010101', '001', 1, 1, 2, '2015-10-07', '2015-10-13', '2015-10-16', 5, '2015-10-28', '121212.0000', '1212.0000', '25-02', ''),
(27, 'nuev222', '021212', '004', 1, 2, 1010, '2015-11-11', '2015-11-10', '2015-11-18', 4, '2015-11-12', '30030434.0000', '1211212.0000', '27-01', ''),
(28, 'probando5', '1010', '005', 1, 2, 2, '2015-11-18', '2015-11-26', '2015-11-28', 10, '2015-11-27', '21200020120120.0000', '2120020020.0000', '28-01', ''),
(29, 'convencion1', '1010', '002', 1, 1, 1, '2015-11-04', '2015-11-04', '2015-11-04', 10, '2015-11-04', '122121212121212.0000', '121212121212.0000', '29-01', ''),
(30, 'probando bitacora', '101010101', '007', 1, 1, 1, '2015-11-10', '2015-11-10', '2015-11-11', 10, '2015-11-18', '1020000.0000', '1200222.0000', '30-01', ''),
(31, 'historico', '111111', '053', 1, 1, 1, '2015-11-10', '2015-11-10', '2015-11-17', 10, '2015-11-17', '2032323.0000', '23232323.0000', '31-01', '');

-- --------------------------------------------------------

--
-- Estructura de tabla para la tabla `convencion_vieja`
--

CREATE TABLE IF NOT EXISTS `convencion_vieja` (
  `id` bigint(20) unsigned NOT NULL AUTO_INCREMENT,
  `cod_interno` varchar(50) CHARACTER SET latin1 NOT NULL,
  `cod_convencion` varchar(50) CHARACTER SET latin1 NOT NULL,
  `cod_convencion_padre` varchar(50) CHARACTER SET latin1 NOT NULL,
  `duracion` int(11) NOT NULL,
  `inicio` date NOT NULL,
  `fin` date NOT NULL,
  `beneficios_directos` text CHARACTER SET latin1 NOT NULL,
  `beneficios_familiar` text CHARACTER SET latin1 NOT NULL,
  `beneficios_hijos` text CHARACTER SET latin1 NOT NULL,
  `beneficios_zona_trabajo` text CHARACTER SET latin1 NOT NULL,
  `beneficios_sindicato` text CHARACTER SET latin1 NOT NULL,
  `deducciones` text CHARACTER SET latin1 NOT NULL,
  `nombre_convencion` varchar(100) CHARACTER SET latin1 NOT NULL,
  `inspectoria` int(11) NOT NULL,
  UNIQUE KEY `id` (`id`),
  UNIQUE KEY `cod_interno_3` (`cod_interno`),
  KEY `cod_interno` (`cod_interno`),
  KEY `cod_interno_2` (`cod_interno`)
) ENGINE=InnoDB  DEFAULT CHARSET=utf8 AUTO_INCREMENT=2 ;

--
-- Volcado de datos para la tabla `convencion_vieja`
--

INSERT INTO `convencion_vieja` (`id`, `cod_interno`, `cod_convencion`, `cod_convencion_padre`, `duracion`, `inicio`, `fin`, `beneficios_directos`, `beneficios_familiar`, `beneficios_hijos`, `beneficios_zona_trabajo`, `beneficios_sindicato`, `deducciones`, `nombre_convencion`, `inspectoria`) VALUES
(1, '1010', '10101', '', 3, '2015-05-10', '2020-05-10', 'probado', 'proband', 'probando', 'probnad', 'probnado', 'pronado', 'probando', 0);

-- --------------------------------------------------------

--
-- Estructura de tabla para la tabla `cruge_authassignment`
--

CREATE TABLE IF NOT EXISTS `cruge_authassignment` (
  `userid` int(11) NOT NULL,
  `bizrule` text,
  `data` text,
  `itemname` varchar(64) NOT NULL,
  PRIMARY KEY (`userid`,`itemname`),
  KEY `fk_cruge_authassignment_cruge_authitem1` (`itemname`),
  KEY `fk_cruge_authassignment_user` (`userid`)
) ENGINE=InnoDB DEFAULT CHARSET=utf8;

--
-- Volcado de datos para la tabla `cruge_authassignment`
--

INSERT INTO `cruge_authassignment` (`userid`, `bizrule`, `data`, `itemname`) VALUES
(3, NULL, 'N;', 'Cargador');

-- --------------------------------------------------------

--
-- Estructura de tabla para la tabla `cruge_authitem`
--

CREATE TABLE IF NOT EXISTS `cruge_authitem` (
  `name` varchar(64) NOT NULL,
  `type` int(11) NOT NULL,
  `description` text,
  `bizrule` text,
  `data` text,
  PRIMARY KEY (`name`)
) ENGINE=InnoDB DEFAULT CHARSET=utf8;

--
-- Volcado de datos para la tabla `cruge_authitem`
--

INSERT INTO `cruge_authitem` (`name`, `type`, `description`, `bizrule`, `data`) VALUES
('action_clausuras_admin', 0, '', NULL, 'N;'),
('action_clausuras_create', 0, '', NULL, 'N;'),
('action_clausuras_delete', 0, '', NULL, 'N;'),
('action_clausuras_index', 0, '', NULL, 'N;'),
('action_clausuras_update', 0, '', NULL, 'N;'),
('action_clausuras_view', 0, '', NULL, 'N;'),
('action_convencion_admin', 0, '', NULL, 'N;'),
('action_convencion_cambiarpadre', 0, '', NULL, 'N;'),
('action_convencion_create', 0, '', NULL, 'N;'),
('action_convencion_delete', 0, '', NULL, 'N;'),
('action_convencion_index', 0, '', NULL, 'N;'),
('action_convencion_ordenar', 0, '', NULL, 'N;'),
('action_convencion_ordenar_convenciones', 0, '', NULL, 'N;'),
('action_convencion_update', 0, '', NULL, 'N;'),
('action_convencion_view', 0, '', NULL, 'N;'),
('action_empresa_admin', 0, '', NULL, 'N;'),
('action_empresa_autocomplete', 0, '', NULL, 'N;'),
('action_empresa_create', 0, '', NULL, 'N;'),
('action_empresa_delete', 0, '', NULL, 'N;'),
('action_empresa_index', 0, '', NULL, 'N;'),
('action_empresa_llenarcampos', 0, '', NULL, 'N;'),
('action_empresa_selectmunicipio', 0, '', NULL, 'N;'),
('action_empresa_selectparroquia', 0, '', NULL, 'N;'),
('action_empresa_update', 0, '', NULL, 'N;'),
('action_empresa_view', 0, '', NULL, 'N;'),
('action_nomina_admin', 0, '', NULL, 'N;'),
('action_nomina_create', 0, '', NULL, 'N;'),
('action_nomina_create_cargo_sindicato', 0, '', NULL, 'N;'),
('action_nomina_delete', 0, '', NULL, 'N;'),
('action_nomina_getvalue', 0, '', NULL, 'N;'),
('action_nomina_index', 0, '', NULL, 'N;'),
('action_nomina_update', 0, '', NULL, 'N;'),
('action_nomina_view', 0, '', NULL, 'N;'),
('action_sindicato_admin', 0, '', NULL, 'N;'),
('action_sindicato_create', 0, '', NULL, 'N;'),
('action_sindicato_delete', 0, '', NULL, 'N;'),
('action_sindicato_index', 0, '', NULL, 'N;'),
('action_sindicato_selectmunicipio', 0, '', NULL, 'N;'),
('action_sindicato_selectparroquia', 0, '', NULL, 'N;'),
('action_sindicato_update', 0, '', NULL, 'N;'),
('action_sindicato_view', 0, '', NULL, 'N;'),
('action_site_contact', 0, '', NULL, 'N;'),
('action_site_error', 0, '', NULL, 'N;'),
('action_site_index', 0, '', NULL, 'N;'),
('action_site_login', 0, '', NULL, 'N;'),
('action_site_logout', 0, '', NULL, 'N;'),
('action_trabajador_sindicato_admin', 0, '', NULL, 'N;'),
('action_trabajador_sindicato_create', 0, '', NULL, 'N;'),
('action_trabajador_sindicato_delete', 0, '', NULL, 'N;'),
('action_trabajador_sindicato_getvalue', 0, '', NULL, 'N;'),
('action_trabajador_sindicato_index', 0, '', NULL, 'N;'),
('action_trabajador_sindicato_update', 0, '', NULL, 'N;'),
('action_trabajador_sindicato_view', 0, '', NULL, 'N;'),
('action_ui_editprofile', 0, '', NULL, 'N;'),
('action_ui_fieldsadmincreate', 0, '', NULL, 'N;'),
('action_ui_fieldsadminlist', 0, '', NULL, 'N;'),
('action_ui_rbacajaxassignment', 0, '', NULL, 'N;'),
('action_ui_rbacajaxsetchilditem', 0, '', NULL, 'N;'),
('action_ui_rbacauthitemchilditems', 0, '', NULL, 'N;'),
('action_ui_rbacauthitemcreate', 0, '', NULL, 'N;'),
('action_ui_rbacauthitemdelete', 0, '', NULL, 'N;'),
('action_ui_rbacauthitemupdate', 0, '', NULL, 'N;'),
('action_ui_rbaclistroles', 0, '', NULL, 'N;'),
('action_ui_rbacusersassignments', 0, '', NULL, 'N;'),
('action_ui_sessionadmin', 0, '', NULL, 'N;'),
('action_ui_systemupdate', 0, '', NULL, 'N;'),
('action_ui_usermanagementadmin', 0, '', NULL, 'N;'),
('action_ui_usermanagementupdate', 0, '', NULL, 'N;'),
('admin', 0, '', NULL, 'N;'),
('Cargador', 2, 'carga de datos', '', 'N;'),
('controller_clausuras', 0, '', NULL, 'N;'),
('controller_convencion', 0, '', NULL, 'N;'),
('controller_empresa', 0, '', NULL, 'N;'),
('controller_nomina', 0, '', NULL, 'N;'),
('controller_sindicato', 0, '', NULL, 'N;'),
('controller_site', 0, '', NULL, 'N;'),
('controller_trabajador_sindicato', 0, '', NULL, 'N;'),
('edit-advanced-profile-features', 0, 'C:\\wamp\\www\\convenciones_colectivas_resp\\protected\\modules\\cruge\\views\\ui\\usermanagementupdate.php linea 114', NULL, 'N;');

-- --------------------------------------------------------

--
-- Estructura de tabla para la tabla `cruge_authitemchild`
--

CREATE TABLE IF NOT EXISTS `cruge_authitemchild` (
  `parent` varchar(64) NOT NULL,
  `child` varchar(64) NOT NULL,
  PRIMARY KEY (`parent`,`child`),
  KEY `child` (`child`)
) ENGINE=InnoDB DEFAULT CHARSET=utf8;

--
-- Volcado de datos para la tabla `cruge_authitemchild`
--

INSERT INTO `cruge_authitemchild` (`parent`, `child`) VALUES
('Cargador', 'action_clausuras_admin'),
('Cargador', 'action_clausuras_create'),
('Cargador', 'action_clausuras_index'),
('Cargador', 'action_clausuras_update'),
('Cargador', 'action_clausuras_view'),
('Cargador', 'action_convencion_admin'),
('Cargador', 'action_convencion_cambiarpadre'),
('Cargador', 'action_convencion_create'),
('Cargador', 'action_convencion_index'),
('Cargador', 'action_convencion_ordenar'),
('Cargador', 'action_convencion_ordenar_convenciones'),
('Cargador', 'action_convencion_update'),
('Cargador', 'action_convencion_view'),
('Cargador', 'action_empresa_admin'),
('Cargador', 'action_empresa_autocomplete'),
('Cargador', 'action_empresa_create'),
('Cargador', 'action_empresa_index'),
('Cargador', 'action_empresa_llenarcampos'),
('Cargador', 'action_empresa_selectmunicipio'),
('Cargador', 'action_empresa_selectparroquia'),
('Cargador', 'action_empresa_update'),
('Cargador', 'action_empresa_view'),
('Cargador', 'action_nomina_admin'),
('Cargador', 'action_nomina_create'),
('Cargador', 'action_nomina_index'),
('Cargador', 'action_nomina_update'),
('Cargador', 'action_nomina_view'),
('Cargador', 'action_sindicato_admin'),
('Cargador', 'action_sindicato_create'),
('Cargador', 'action_sindicato_index'),
('Cargador', 'action_sindicato_selectmunicipio'),
('Cargador', 'action_sindicato_selectparroquia'),
('Cargador', 'action_sindicato_update'),
('Cargador', 'action_sindicato_view'),
('Cargador', 'action_site_contact'),
('Cargador', 'action_site_error'),
('Cargador', 'action_site_index'),
('Cargador', 'action_site_login'),
('Cargador', 'action_site_logout'),
('Cargador', 'action_trabajador_sindicato_admin'),
('Cargador', 'action_trabajador_sindicato_create'),
('Cargador', 'action_trabajador_sindicato_delete'),
('Cargador', 'action_trabajador_sindicato_getvalue'),
('Cargador', 'action_trabajador_sindicato_index'),
('Cargador', 'action_trabajador_sindicato_update'),
('Cargador', 'action_trabajador_sindicato_view'),
('Cargador', 'admin'),
('Cargador', 'controller_clausuras'),
('Cargador', 'controller_convencion'),
('Cargador', 'controller_empresa'),
('Cargador', 'controller_nomina'),
('Cargador', 'controller_sindicato'),
('Cargador', 'controller_site'),
('Cargador', 'controller_trabajador_sindicato'),
('Cargador', 'edit-advanced-profile-features');

-- --------------------------------------------------------

--
-- Estructura de tabla para la tabla `cruge_field`
--

CREATE TABLE IF NOT EXISTS `cruge_field` (
  `idfield` int(11) NOT NULL AUTO_INCREMENT,
  `fieldname` varchar(20) NOT NULL,
  `longname` varchar(50) DEFAULT NULL,
  `position` int(11) DEFAULT '0',
  `required` int(11) DEFAULT '0',
  `fieldtype` int(11) DEFAULT '0',
  `fieldsize` int(11) DEFAULT '20',
  `maxlength` int(11) DEFAULT '45',
  `showinreports` int(11) DEFAULT '0',
  `useregexp` varchar(512) DEFAULT NULL,
  `useregexpmsg` varchar(512) DEFAULT NULL,
  `predetvalue` mediumblob,
  PRIMARY KEY (`idfield`)
) ENGINE=InnoDB DEFAULT CHARSET=utf8 AUTO_INCREMENT=1 ;

-- --------------------------------------------------------

--
-- Estructura de tabla para la tabla `cruge_fieldvalue`
--

CREATE TABLE IF NOT EXISTS `cruge_fieldvalue` (
  `idfieldvalue` int(11) NOT NULL AUTO_INCREMENT,
  `iduser` int(11) NOT NULL,
  `idfield` int(11) NOT NULL,
  `value` blob,
  PRIMARY KEY (`idfieldvalue`),
  KEY `fk_cruge_fieldvalue_cruge_user1` (`iduser`),
  KEY `fk_cruge_fieldvalue_cruge_field1` (`idfield`)
) ENGINE=InnoDB DEFAULT CHARSET=utf8 AUTO_INCREMENT=1 ;

-- --------------------------------------------------------

--
-- Estructura de tabla para la tabla `cruge_session`
--

CREATE TABLE IF NOT EXISTS `cruge_session` (
  `idsession` int(11) NOT NULL AUTO_INCREMENT,
  `iduser` int(11) NOT NULL,
  `created` bigint(30) DEFAULT NULL,
  `expire` bigint(30) DEFAULT NULL,
  `status` int(11) DEFAULT '0',
  `ipaddress` varchar(45) DEFAULT NULL,
  `usagecount` int(11) DEFAULT '0',
  `lastusage` bigint(30) DEFAULT NULL,
  `logoutdate` bigint(30) DEFAULT NULL,
  `ipaddressout` varchar(45) DEFAULT NULL,
  PRIMARY KEY (`idsession`),
  KEY `crugesession_iduser` (`iduser`)
) ENGINE=InnoDB  DEFAULT CHARSET=utf8 AUTO_INCREMENT=46 ;

--
-- Volcado de datos para la tabla `cruge_session`
--

INSERT INTO `cruge_session` (`idsession`, `iduser`, `created`, `expire`, `status`, `ipaddress`, `usagecount`, `lastusage`, `logoutdate`, `ipaddressout`) VALUES
(1, 1, 1447773506, 1447775306, 0, '127.0.0.1', 1, 1447773506, 1447773520, '127.0.0.1'),
(2, 1, 1447773528, 1447775328, 0, '127.0.0.1', 1, 1447773528, 1447773530, '127.0.0.1'),
(3, 3, 1447773573, 1447775373, 0, '127.0.0.1', 1, 1447773573, 1447773574, '127.0.0.1'),
(4, 3, 1447773603, 1447775403, 0, '127.0.0.1', 1, 1447773603, 1447773603, '127.0.0.1'),
(5, 3, 1447773615, 1447775415, 0, '127.0.0.1', 1, 1447773615, 1447773615, '127.0.0.1'),
(6, 1, 1447773647, 1447775447, 0, '127.0.0.1', 1, 1447773647, 1447773850, '127.0.0.1'),
(7, 3, 1447773861, 1447775661, 0, '127.0.0.1', 1, 1447773861, 1447773881, '127.0.0.1'),
(8, 1, 1447774240, 1447776040, 0, '127.0.0.1', 1, 1447774240, NULL, NULL),
(9, 1, 1447776654, 1447788654, 0, '127.0.0.1', 1, 1447776654, NULL, NULL),
(10, 3, 1447790857, 1447802857, 0, '127.0.0.1', 1, 1447790857, 1447790875, '127.0.0.1'),
(11, 1, 1447790879, 1447802879, 0, '127.0.0.1', 1, 1447790879, 1447791293, '127.0.0.1'),
(12, 3, 1447791310, 1447803310, 0, '127.0.0.1', 1, 1447791310, 1447791311, '127.0.0.1'),
(13, 3, 1447791326, 1447803326, 0, '127.0.0.1', 1, 1447791326, 1447791327, '127.0.0.1'),
(14, 1, 1447791330, 1447803330, 0, '127.0.0.1', 1, 1447791330, 1447791368, '127.0.0.1'),
(15, 3, 1447791382, 1447803382, 0, '127.0.0.1', 1, 1447791382, 1447791382, '127.0.0.1'),
(16, 1, 1447791386, 1447803386, 0, '127.0.0.1', 1, 1447791386, 1447791544, '127.0.0.1'),
(17, 1, 1447791548, 1447803548, 0, '127.0.0.1', 1, 1447791548, 1447791550, '127.0.0.1'),
(18, 1, 1447791560, 1447803560, 0, '127.0.0.1', 1, 1447791560, 1447791577, '127.0.0.1'),
(19, 3, 1447791588, 1447803588, 0, '127.0.0.1', 1, 1447791588, 1447791600, '127.0.0.1'),
(20, 1, 1447791603, 1447803603, 0, '127.0.0.1', 2, 1447791692, 1447791698, '127.0.0.1'),
(21, 3, 1447791707, 1447803707, 0, '127.0.0.1', 1, 1447791707, 1447791809, '127.0.0.1'),
(22, 3, 1447791817, 1447803817, 0, '127.0.0.1', 1, 1447791817, 1447791830, '127.0.0.1'),
(23, 3, 1447791848, 1447803848, 0, '127.0.0.1', 1, 1447791848, 1447791873, '127.0.0.1'),
(24, 3, 1447791910, 1447803910, 0, '127.0.0.1', 1, 1447791910, 1447792164, '127.0.0.1'),
(25, 3, 1447792226, 1447804226, 0, '127.0.0.1', 1, 1447792226, 1447792230, '127.0.0.1'),
(26, 1, 1447853398, 1447865398, 0, '127.0.0.1', 1, 1447853398, NULL, NULL),
(27, 1, 1447865412, 1447877412, 0, '127.0.0.1', 1, 1447865412, NULL, NULL),
(28, 1, 1447877431, 1447889431, 1, '127.0.0.1', 1, 1447877431, NULL, NULL),
(29, 1, 1447944270, 1447956270, 0, '127.0.0.1', 1, 1447944270, NULL, NULL),
(30, 1, 1447956361, 1447968361, 0, '127.0.0.1', 1, 1447956361, NULL, NULL),
(31, 1, 1447968390, 1447980390, 1, '127.0.0.1', 1, 1447968390, NULL, NULL),
(32, 1, 1447983157, 1447995157, 0, '127.0.0.1', 1, 1447983157, 1447983184, '127.0.0.1'),
(33, 1, 1448025843, 1448037843, 0, '127.0.0.1', 1, 1448025843, NULL, NULL),
(34, 1, 1448037879, 1448049879, 1, '127.0.0.1', 1, 1448037879, NULL, NULL),
(35, 1, 1448286396, 1448298396, 0, '127.0.0.1', 1, 1448286396, NULL, NULL),
(36, 1, 1448302344, 1448314344, 0, '127.0.0.1', 1, 1448302344, 1448304648, '127.0.0.1'),
(37, 1, 1448304663, 1448316663, 0, '127.0.0.1', 1, 1448304663, 1448304690, '127.0.0.1'),
(38, 3, 1448304695, 1448316695, 0, '127.0.0.1', 1, 1448304695, 1448304776, '127.0.0.1'),
(39, 1, 1448304779, 1448316779, 0, '127.0.0.1', 1, 1448304779, 1448305028, '127.0.0.1'),
(40, 3, 1448305034, 1448317034, 0, '127.0.0.1', 1, 1448305034, 1448305042, '127.0.0.1'),
(41, 1, 1448305046, 1448317046, 0, '127.0.0.1', 1, 1448305046, 1448306716, '127.0.0.1'),
(42, 3, 1448305078, 1448317078, 1, '127.0.0.1', 1, 1448305078, NULL, NULL),
(43, 1, 1448306741, 1448318741, 0, '127.0.0.1', 1, 1448306741, 1448309665, '127.0.0.1'),
(44, 1, 1448311340, 1448323340, 0, '127.0.0.1', 1, 1448311340, 1448311353, '127.0.0.1'),
(45, 1, 1448370235, 1448382235, 0, '127.0.0.1', 1, 1448370235, 1448370938, '127.0.0.1');

-- --------------------------------------------------------

--
-- Estructura de tabla para la tabla `cruge_system`
--

CREATE TABLE IF NOT EXISTS `cruge_system` (
  `idsystem` int(11) NOT NULL AUTO_INCREMENT,
  `name` varchar(45) DEFAULT NULL,
  `largename` varchar(45) DEFAULT NULL,
  `sessionmaxdurationmins` int(11) DEFAULT '30',
  `sessionmaxsameipconnections` int(11) DEFAULT '10',
  `sessionreusesessions` int(11) DEFAULT '1' COMMENT '1yes 0no',
  `sessionmaxsessionsperday` int(11) DEFAULT '-1',
  `sessionmaxsessionsperuser` int(11) DEFAULT '-1',
  `systemnonewsessions` int(11) DEFAULT '0' COMMENT '1yes 0no',
  `systemdown` int(11) DEFAULT '0',
  `registerusingcaptcha` int(11) DEFAULT '0',
  `registerusingterms` int(11) DEFAULT '0',
  `terms` blob,
  `registerusingactivation` int(11) DEFAULT '1',
  `defaultroleforregistration` varchar(64) DEFAULT NULL,
  `registerusingtermslabel` varchar(100) DEFAULT NULL,
  `registrationonlogin` int(11) DEFAULT '1',
  PRIMARY KEY (`idsystem`)
) ENGINE=InnoDB  DEFAULT CHARSET=utf8 AUTO_INCREMENT=2 ;

--
-- Volcado de datos para la tabla `cruge_system`
--

INSERT INTO `cruge_system` (`idsystem`, `name`, `largename`, `sessionmaxdurationmins`, `sessionmaxsameipconnections`, `sessionreusesessions`, `sessionmaxsessionsperday`, `sessionmaxsessionsperuser`, `systemnonewsessions`, `systemdown`, `registerusingcaptcha`, `registerusingterms`, `terms`, `registerusingactivation`, `defaultroleforregistration`, `registerusingtermslabel`, `registrationonlogin`) VALUES
(1, 'default', NULL, 200, 10, 1, -1, -1, 0, 0, 0, 0, '', 0, '', '', 0);

-- --------------------------------------------------------

--
-- Estructura de tabla para la tabla `cruge_user`
--

CREATE TABLE IF NOT EXISTS `cruge_user` (
  `iduser` int(11) NOT NULL AUTO_INCREMENT,
  `regdate` bigint(30) DEFAULT NULL,
  `actdate` bigint(30) DEFAULT NULL,
  `logondate` bigint(30) DEFAULT NULL,
  `username` varchar(64) DEFAULT NULL,
  `email` varchar(45) DEFAULT NULL,
  `password` varchar(64) DEFAULT NULL COMMENT 'Hashed password',
  `authkey` varchar(100) DEFAULT NULL COMMENT 'llave de autentificacion',
  `state` int(11) DEFAULT '0',
  `totalsessioncounter` int(11) DEFAULT '0',
  `currentsessioncounter` int(11) DEFAULT '0',
  PRIMARY KEY (`iduser`)
) ENGINE=InnoDB  DEFAULT CHARSET=utf8 AUTO_INCREMENT=5 ;

--
-- Volcado de datos para la tabla `cruge_user`
--

INSERT INTO `cruge_user` (`iduser`, `regdate`, `actdate`, `logondate`, `username`, `email`, `password`, `authkey`, `state`, `totalsessioncounter`, `currentsessioncounter`) VALUES
(1, NULL, NULL, 1448370235, 'admin', 'admin@tucorreo.com', 'admin', NULL, 1, 0, 0),
(2, NULL, NULL, NULL, 'invitado', 'invitado', 'nopassword', NULL, 1, 0, 0),
(3, 1445615839, NULL, 1448305078, 'cargador1', 'walter86.79@gmail.com', '111111', 'e1c9786bfb0395fc34fb0f6c4284bea9', 1, 0, 0),
(4, 1447162236, NULL, 1447162390, 'historico', 'walter86_79@hotmail.com', 'historico', 'f1d7660e9f66d67c634545fbc72a992a', 1, 0, 0);

-- --------------------------------------------------------

--
-- Estructura de tabla para la tabla `division`
--

CREATE TABLE IF NOT EXISTS `division` (
  `id` bigint(20) unsigned NOT NULL AUTO_INCREMENT,
  `cod_seccion` varchar(5) CHARACTER SET latin1 NOT NULL,
  `cod_division` tinyint(4) NOT NULL,
  `division` varchar(255) CHARACTER SET latin1 NOT NULL,
  PRIMARY KEY (`id`),
  UNIQUE KEY `id` (`id`)
) ENGINE=InnoDB  DEFAULT CHARSET=utf8 AUTO_INCREMENT=89 ;

--
-- Volcado de datos para la tabla `division`
--

INSERT INTO `division` (`id`, `cod_seccion`, `cod_division`, `division`) VALUES
(1, 'A', 1, 'Agricultura, ganadería, caza y actividades de servicios conexas'),
(2, 'A', 2, 'Silvicultura y extracción de madera'),
(3, 'A', 3, 'Pesca y acuicultura'),
(4, 'B', 5, 'Extracción de carbón de piedra y lignito'),
(5, 'B', 6, 'Extracción de petróleo crudo y gas natural'),
(6, 'B', 7, 'Extracción de minerales metalíferos'),
(7, 'B', 8, 'Explotación de otras minas y canteras'),
(8, 'B', 9, 'Actividades de servicios de apoyo para la explotación de minas y canteras'),
(9, 'C', 10, 'Elaboración de productos alimenticios'),
(10, 'C', 11, 'Elaboración de bebidas'),
(11, 'C', 12, 'Elaboración de productos de tabaco'),
(12, 'C', 13, 'Fabricación de productos textiles'),
(13, 'C', 14, 'Confección de prendas de vestir'),
(14, 'C', 15, 'Fabricación de productos de cuero y productos conexos'),
(15, 'C', 16, 'Produccióndemaderayfabricacióndeproductosdemaderaycorcho,exceptomuebles; fabricación de artículos de paja y de materiales trensables'),
(16, 'C', 17, 'Fabricación de papel y de productos de papel'),
(17, 'C', 18, 'Impresión y reproducción de grabaciones'),
(18, 'C', 19, 'Fabricación de coque y productos de la refinación del petróleo'),
(19, 'C', 20, 'Fabricación de sustancias y productos químicos'),
(20, 'C', 21, 'Fabricacióndeproductosfarmacéuticos,sustanciasquímicasmedicinalesyproductos botánicos de uso farmacéutico'),
(21, 'C', 22, 'Fabricación de productos de caucho y de plástico'),
(22, 'C', 23, 'Fabricación de otros productos minerales no metálicos'),
(23, 'C', 24, 'Fabricación de metales comunes'),
(24, 'C', 25, 'Fabricación de productos elaborados de metal, excepto maquinaria y equipo'),
(25, 'C', 26, 'Fabricación de productos de informática, electrónica y de óptica'),
(26, 'C', 27, 'Fabricación de equipo eléctrico'),
(27, 'C', 28, 'Fabricación de maquinaria y equipo n.c.p.'),
(28, 'C', 29, 'Fabricación de vehículos automotores, remolques y semirremolques'),
(29, 'C', 30, 'Fabricación de otros tipos de equipo de transporte'),
(30, 'C', 31, 'Fabricación de muebles'),
(31, 'C', 32, 'Otras industrias manufactureras'),
(32, 'C', 33, 'Reparación e instalación de maquinaria y equipo'),
(33, 'D', 35, 'Suministro de electricidad, gas, vapor y aire acondicionado'),
(34, 'E', 36, 'Captación, tratamiento y distribución de agua'),
(35, 'E', 37, 'Evacuación de aguas residuales'),
(36, 'E', 38, 'Recogida, tratamiento y eliminación de desechos; recuperación de materiales'),
(37, 'E', 39, 'Actividades de descontaminación y otros servicios de gestión de desechos'),
(38, 'F', 41, 'Construcción de edificios'),
(39, 'F', 42, 'Obras de ingeniería civil'),
(40, 'F', 43, 'Actividades especializadas de construcción'),
(41, 'G', 45, 'Comercioalpormayoryalpormenoryreparacióndevehículosautomotoresymotocicletas'),
(42, 'G', 46, 'Comercio al por mayor, excepto el de vehículos automotores y motocicletas'),
(43, 'G', 47, 'Comercio al por menor, excepto el de vehículos automotores y motocicletas'),
(44, 'H', 49, 'Transporte por vía terrestre y transporte por tuberías'),
(45, 'H', 50, 'Transporte por vía acuática'),
(46, 'H', 51, 'Transporte por vía aérea'),
(47, 'H', 52, 'Almacenamiento y actividades de apoyo al transporte'),
(48, 'H', 53, 'Actividades postales y de mensajería'),
(49, 'I', 55, 'Actividades de alojamiento'),
(50, 'I', 56, 'Actividades de servicio de comidas y bebidas'),
(51, 'J', 58, 'Actividades de edición'),
(52, 'J', 59, 'Actividadesdeproduccióndepelículascinematográficas,videosyprogramasdetelevisión, grabación de sonido y edición de música'),
(53, 'J', 60, 'Actividades de programación y difusión de radio y televisión'),
(54, 'J', 61, 'Telecomunicaciones'),
(55, 'J', 62, 'Actividades de programación, consultoría informática y actividades conexas'),
(56, 'J', 63, 'Actividades del servicio informativo'),
(57, 'K', 64, 'Servicios financieros'),
(58, 'K', 65, 'Servicios de seguros, reaseguros y fondos de pensiones'),
(59, 'K', 66, 'Actividades auxiliares de las actividades de servicios financieros'),
(60, 'L', 68, 'Actividades inmobiliarias'),
(61, 'M', 69, 'Actividades jurídicas y de contabilidad'),
(62, 'M', 70, 'Actividades de oficinas centrales; actividades de consultoría de gestión'),
(63, 'M', 71, 'Actividades de arquitectura e ingeniería; ensayos y análisis técnicos'),
(64, 'M', 72, 'Actividades de investigación científica y desarrollo'),
(65, 'M', 73, 'Servicios de publicidad y estudios de mercado'),
(66, 'M', 74, 'Otras actividades profesionales, científicas y técnicas'),
(67, 'M', 75, 'Actividades veterinarias'),
(68, 'N', 77, 'Actividades de alquiler y arrendamiento'),
(69, 'N', 78, 'Actividades de empleo'),
(70, 'N', 79, 'Actividadesdeagenciasdeviajes,operadoresturísticos,serviciosdereservasyactividades conexas'),
(71, 'N', 80, 'Actividades de seguridad e investigación'),
(72, 'N', 81, 'Actividades de servicios a edificios y de paisajismo'),
(73, 'N', 82, 'Actividadesadministrativasydeapoyodeoficinayotrasactividadesdeapoyoalasempresas'),
(74, 'O', 84, 'Administraciónpúblicayladefensa;planesdeseguridadsocialdeafiliaciónobligatoria'),
(75, 'P', 85, 'Educación'),
(76, 'Q', 86, 'Actividades de atención a la salud humana'),
(77, 'Q', 87, 'Servicios sociales con alojamiento relacionados con atención a la salud'),
(78, 'Q', 88, 'Servicios sociales sin alojamiento'),
(79, 'R', 90, 'Actividades creativas, artísticas y de entretenimiento '),
(80, 'R', 91, 'Actividades de bibliotecas, archivos, museos y otras actividades culturales'),
(81, 'R', 92, 'Actividades de juegos de azar y apuestas'),
(82, 'R', 93, 'Actividades deportivas de esparcimiento y recreativas'),
(83, 'S', 94, 'Actividades de asociaciones'),
(84, 'S', 95, 'Reparación de computadores y de efectos personales y enseres domésticos'),
(85, 'S', 96, 'Otras actividades de servicios personales'),
(86, 'T', 97, 'Actividades de los hogares como empleadores de personal doméstico'),
(87, 'T', 98, 'Actividadesnodiferenciadasdeloshogarescomoproductoresdebienesyservicios para uso propio'),
(88, 'U', 99, 'Actividades de organizaciones y órganos extraterritoriales');

-- --------------------------------------------------------

--
-- Estructura de tabla para la tabla `empresa`
--

CREATE TABLE IF NOT EXISTS `empresa` (
  `id` bigint(20) unsigned NOT NULL AUTO_INCREMENT,
  `razon_social` varchar(255) CHARACTER SET latin1 NOT NULL,
  `rif` varchar(20) CHARACTER SET latin1 NOT NULL,
  `identificacion_laboral` varchar(10) CHARACTER SET latin1 NOT NULL,
  `seguro_social` varchar(10) CHARACTER SET latin1 NOT NULL,
  `actividad_economica` bigint(20) unsigned NOT NULL,
  `sector` int(11) unsigned NOT NULL,
  `capital_empresa` decimal(20,2) NOT NULL,
  `nro_sucursales` smallint(6) NOT NULL,
  `direccion` varchar(255) CHARACTER SET latin1 NOT NULL,
  `estado` int(11) NOT NULL,
  `municipio` int(11) NOT NULL,
  `parroquia` int(11) NOT NULL,
  `telefono` varchar(100) CHARACTER SET latin1 NOT NULL,
  `fax` varchar(20) CHARACTER SET latin1 NOT NULL,
  `correo` varchar(100) CHARACTER SET latin1 NOT NULL,
  `web` varchar(50) CHARACTER SET latin1 NOT NULL,
  `rnc` varchar(100) CHARACTER SET latin1 NOT NULL,
  `cod_convencion` bigint(20) unsigned NOT NULL,
  UNIQUE KEY `id` (`id`),
  KEY `cod_interno` (`cod_convencion`),
  KEY `estado` (`estado`),
  KEY `municipio` (`municipio`),
  KEY `parroquia` (`parroquia`),
  KEY `sector` (`sector`),
  KEY `sector_2` (`sector`),
  KEY `actividad_economica` (`actividad_economica`)
) ENGINE=InnoDB  DEFAULT CHARSET=utf8 AUTO_INCREMENT=22 ;

--
-- Volcado de datos para la tabla `empresa`
--

INSERT INTO `empresa` (`id`, `razon_social`, `rif`, `identificacion_laboral`, `seguro_social`, `actividad_economica`, `sector`, `capital_empresa`, `nro_sucursales`, `direccion`, `estado`, `municipio`, `parroquia`, `telefono`, `fax`, `correo`, `web`, `rnc`, `cod_convencion`) VALUES
(3, 'nuevaempresa4', 'V173898149', '10101011', '10101', 738, 2, '10000.00', 20, 'caracas', 6, 66, 209, '0212-4813639', '0212-4813639', 'walter86_79@hotmail.com', 'http://kkk.com', '17389814', 8),
(4, 'nuevaempresa', 'V173898149', '1010101', '10101', 738, 2, '10000.00', 19, 'caracas', 3, 29, 82, '', '02124813639', 'walter86_79@hotmail.com', 'walter.com', '17389814', 10),
(6, 'asociarladesde1', 'V173898149', '1234', '12333', 352, 2, '98291922.00', 7, 'caracas', 14, 236, 637, '1010', '1010', 'walter86_79@hotmail.com', 'walter.com', '173898148', 12),
(7, 'probando otra empresa', 'V173898149', '123456-1', '123456', 133, 2, '150000000.00', 5, 'caracas', 24, 462, 1133, '02124813639', '02124813639', 'walter86_79@hotmail.com', 'soulip.com', '', 8),
(8, 'nuevaempresa', 'V173898149', '1010101', '10101', 738, 2, '10000.00', 2, 'caracas', 3, 29, 82, '02124813639', '02124813639', 'walter86_79@hotmail.com', 'walter.com', '17389814', 13),
(9, 'nuevaempresa', 'V173898149', '1010101', '10101', 738, 2, '10000.00', 11, 'caracas', 3, 29, 82, '02124813639-12121212', '121212', 'walter86_79@hotmail.com', 'walter.com', '17389814', 14),
(11, 'probando identificacion laboral', 'J123456789', '000001-123', '1010', 275, 2, '10100000.00', 2, 'caracas', 24, 462, 1127, '02124813639-22121', '1212121', 'walter86_79@hotmail.com', 'walter.com', '17389814', 8),
(12, 'nuevaempresa', 'V173898149', '1010101', '10101', 738, 2, '10000.00', 100, 'caracas', 3, 29, 82, '0212-4813639-0212-4813639', '0212-4813639', 'walter86_79@hotmail.com', 'walter.com', '17389814', 18),
(13, 'nuevaempresa', 'V173898149', '1010101', '10101', 738, 2, '10000.00', 2, 'caracas', 3, 29, 82, '0212-4813639-0212-4813639', '0212-4813639', 'walter86_79@hotmail.com', 'walter.com', '17389814', 21),
(14, 'sindicato2', 'V173898149', '123456-1', '1010', 330, 1, '10000.00', 19, 'caracas', 6, 69, 227, '0212-4813639-0212-4813639', '02124813639', 'walter86_79@hotmail.com', 'walter.com', '17389814', 22),
(15, 'nuevaempresa', 'V173898149', '1010101', '10101', 738, 2, '10000.00', 20, 'caracas', 3, 29, 82, '0212-4813639-0212-4813639', '0212-4813639', 'walter86_79@hotmail.com', 'walter.com', '17389814', 23),
(16, 'asociarladesde1', 'V173898149', '123456-1', '1010', 427, 2, '150000000.00', 2, 'caracas', 2, 14, 38, '0212-4813639-0212-4813639', '0212-4813639', 'walter86_79@hotmail.com', 'walter.com', '17389814', 24),
(17, 'sindsicato4', 'V173898149', '123456-12', '1010', 319, 2, '98291922.00', 7, 'caracas', 2, 9, 28, '0212-4813639-0212-4813639', '0212-4813639', 'walter86_79@hotmail.com', 'walter.com', '17389814', 25),
(18, 'sindsicato4', 'V173898149', '123456-12', '1010', 319, 2, '98291922.00', 19, 'caracas', 2, 9, 28, '0212-4813639-0212-4813639', '0212-4813639', 'walter86_79@hotmail.com', 'walter.com', '17389814', 26),
(19, 'local', 'V173981489', '123456-44', '1010', 352, 2, '1000101010.00', 333, 'caracas', 24, 462, 1130, '0212-4813639', '0212-4813639', 'walter86@hotmail.com', 'http://programacion.com', '', 27),
(20, 'nose', 'V173898149', '123456-12', '2', 24, 2, '20202020202.00', 5, 'caracas', 24, 462, 1123, '0212-4813639', '0212-4813639', 'walter86_79@hotmail.com', 'http://programacion.com', '123', 28),
(21, 'empresa1', 'V173898149', '123456-1', '1010', 178, 2, '10202102010.00', 10, 'caracas, no se, no se 1220222', 24, 462, 1119, '0212-4813639-0424-1397303', '0212-3992277', 'walter86_79@hotmail.com', 'http://kkk.com', '', 29);

-- --------------------------------------------------------

--
-- Estructura de tabla para la tabla `estados`
--

CREATE TABLE IF NOT EXISTS `estados` (
  `id_estado` int(11) NOT NULL AUTO_INCREMENT,
  `estado` varchar(250) NOT NULL,
  PRIMARY KEY (`id_estado`)
) ENGINE=InnoDB  DEFAULT CHARSET=utf8 AUTO_INCREMENT=26 ;

--
-- Volcado de datos para la tabla `estados`
--

INSERT INTO `estados` (`id_estado`, `estado`) VALUES
(1, 'Amazonas'),
(2, 'Anzoátegui'),
(3, 'Apure'),
(4, 'Aragua'),
(5, 'Barinas'),
(6, 'Bolívar'),
(7, 'Carabobo'),
(8, 'Cojedes'),
(9, 'Delta Amacuro'),
(10, 'Falcón'),
(11, 'Guárico'),
(12, 'Lara'),
(13, 'Mérida'),
(14, 'Miranda'),
(15, 'Monagas'),
(16, 'Nueva Esparta'),
(17, 'Portuguesa'),
(18, 'Sucre'),
(19, 'Táchira'),
(20, 'Trujillo'),
(21, 'Vargas'),
(22, 'Yaracuy'),
(23, 'Zulia'),
(24, 'Distrito Capital'),
(25, 'Dependencias Federales');

-- --------------------------------------------------------

--
-- Estructura de tabla para la tabla `grupo`
--

CREATE TABLE IF NOT EXISTS `grupo` (
  `id` bigint(20) unsigned NOT NULL AUTO_INCREMENT,
  `cod_seccion` varchar(5) CHARACTER SET latin1 NOT NULL,
  `cod_division` tinyint(4) NOT NULL,
  `codigo_grupo` tinyint(4) NOT NULL,
  `grupo` varchar(255) CHARACTER SET latin1 NOT NULL,
  PRIMARY KEY (`id`),
  UNIQUE KEY `id` (`id`)
) ENGINE=InnoDB  DEFAULT CHARSET=utf8 AUTO_INCREMENT=240 ;

--
-- Volcado de datos para la tabla `grupo`
--

INSERT INTO `grupo` (`id`, `cod_seccion`, `cod_division`, `codigo_grupo`, `grupo`) VALUES
(1, 'A', 1, 1, 'Cultivo de plantas no perennes'),
(2, 'A', 1, 2, 'Cultivo de plantas perennes'),
(3, 'A', 1, 3, 'Propagación de plantas'),
(4, 'A', 1, 4, 'Ganadería'),
(5, 'A', 1, 5, 'Cultivodeproductosagrícolasencombinaciónconlacríadeanimales(unidaddeproducción agrícola mixta)'),
(6, 'A', 1, 6, 'Actividades de apoyo a la agricultura y la ganadería y actividades posteriores a la cosecha'),
(7, 'A', 1, 7, 'Caza ordinaria, mediante trampas y actividades de servicios conexas'),
(8, 'A', 2, 1, 'Silvicultura y otras actividades forestales'),
(9, 'A', 2, 2, 'Extracción de madera'),
(10, 'A', 2, 3, 'Recolección de productos forestales distintos de la madera'),
(11, 'A', 2, 4, 'Servicios de apoyo a la silvicultura'),
(12, 'A', 3, 1, 'Pesca'),
(13, 'A', 3, 2, 'Acuicultura'),
(14, 'B', 5, 1, 'Extracción de carbón de piedra'),
(15, 'B', 5, 2, 'Extracción de lignito'),
(16, 'B', 6, 1, 'Extracción de petróleo crudo'),
(17, 'B', 6, 2, 'Extracción de gas natural'),
(18, 'B', 7, 1, 'Extracción de minerales de hierro'),
(19, 'B', 7, 2, 'Extracción de minerales metalíferos no ferrosos'),
(20, 'B', 8, 1, 'Extracción de piedra, arena y arcilla'),
(21, 'B', 8, 9, 'Explotación de minas y canteras n.c.p.'),
(22, 'B', 9, 1, 'Actividades de apoyo para la extracción de petróleo y gas natural'),
(23, 'B', 9, 9, 'Actividades de apoyo para la explotación de otras minas y canteras'),
(24, 'C', 10, 1, 'Elaboración y conservación de carne'),
(25, 'C', 10, 2, 'Elaboración y conservación de pescado, crustáceos y moluscos'),
(26, 'C', 10, 3, 'Elaboración y conservación de frutas, legumbres y hortalizas'),
(27, 'C', 10, 4, 'Elaboración de aceites y grasas de origen vegetal y animal'),
(28, 'C', 10, 5, 'Elaboración de productos lácteos'),
(29, 'C', 10, 6, 'Elaboracióndeproductosdemolinería,almidonesyproductosderivadosdelalmidón'),
(30, 'C', 10, 7, 'Elaboración de otros productos alimenticios'),
(31, 'C', 10, 8, 'Elaboración de alimentos balanceados para animales'),
(32, 'C', 11, 0, 'Elaboración de bebidas'),
(33, 'C', 12, 0, 'Elaboración de productos de tabaco'),
(34, 'C', 13, 1, 'Hilatura, tejedura y acabado de productos textiles'),
(35, 'C', 13, 9, 'Fabricación de otros productos textiles'),
(36, 'C', 14, 1, 'Confección de prendas de vestir, excepto prendas de piel y cuero'),
(37, 'C', 14, 2, 'Fabricación de artículos de piel'),
(38, 'C', 14, 3, 'Fabricación de artículos de punto y ganchillo'),
(39, 'C', 15, 1, 'Curtidoyadobodecueros;fabricacióndemaletas,bolsosdemanoyartículosdetalabartería y guarnicionería, adobo y teñido de pieles'),
(40, 'C', 15, 2, 'Fabricación de calzado, excepto ortopédico'),
(41, 'C', 16, 1, 'Aserrado y acepilladura de madera (aserraderos)'),
(42, 'C', 16, 2, 'Fabricación de productos de madera, corcho, paja y materiales trenzables'),
(43, 'C', 17, 0, 'Fabricación de papel y de productos de papel'),
(44, 'C', 18, 1, 'Impresión y actividades de servicios relacionadas con la impresión'),
(45, 'C', 18, 2, 'Reproducción de grabaciones'),
(46, 'C', 19, 1, 'Fabricación de productos de hornos de coque'),
(47, 'C', 19, 2, 'Fabricación de productos de la refinación del petróleo'),
(48, 'C', 20, 1, 'Fabricacióndesustanciasquímicasbásicas,deabonosycompuestosdenitrógenoyde plásticos y caucho sintético en formas primarias'),
(49, 'C', 20, 2, 'Fabricación de otros productos químicos'),
(50, 'C', 20, 3, 'Fabricación de fibras artificiales'),
(51, 'C', 21, 0, 'Fabricacióndeproductosfarmacéuticos,sustanciasquímicasmedicinalesyproductos botánicos de uso farmacéutico'),
(52, 'C', 22, 1, 'Fabricación de productos de caucho'),
(53, 'C', 22, 2, 'Fabricación de productos de plástico'),
(54, 'C', 23, 1, 'Fabricación de vidrio y productos de vidrio'),
(55, 'C', 23, 9, 'Fabricación de productos minerales no metálicos n.c.p.'),
(56, 'C', 24, 1, 'Industrias básicas de hierro y acero'),
(57, 'C', 24, 2, 'Fabricación de productos primarios de metales preciosos y otros metales no ferrosos'),
(58, 'C', 24, 3, 'Fundición de metales'),
(59, 'C', 25, 1, 'Fabricacióndeproductosmetálicosparausoestructural,tanques,depósitos,recipientes de metal y generadores de vapor'),
(60, 'C', 25, 2, 'Fabricación de armas y municiones'),
(61, 'C', 25, 9, 'Fabricacióndeotrosproductoselaboradosdemetal;actividadesdeserviciosdetrabajo de metales'),
(62, 'C', 26, 1, 'Fabricación de componentes y tableros electrónicos'),
(63, 'C', 26, 2, 'Fabricación de computadores y equipo periférico'),
(64, 'C', 26, 3, 'Fabricación de equipo de comunicaciones'),
(65, 'C', 26, 4, 'Fabricación de aparatos electrónicos de consumo'),
(66, 'C', 26, 5, 'Fabricación de equipo de medición, prueba, navegación y control y de relojes'),
(67, 'C', 26, 6, 'Fabricacióndeequipodeirradiaciónyequipoelectrónicodeusomédicoyterapéutico'),
(68, 'C', 26, 7, 'Fabricación de instrumentos ópticos y equipo fotográfico'),
(69, 'C', 26, 8, 'Fabricación de soportes magnéticos y ópticos'),
(70, 'C', 27, 1, 'Fabricacióndemotores,generadoresytransformadoreseléctricosyaparatosdedistribución y control de la energía eléctrica'),
(71, 'C', 27, 2, 'Fabricación de pilas, baterías y acumuladores'),
(72, 'C', 27, 3, 'Fabricación de cables y dispositivos de cableado'),
(73, 'C', 27, 4, 'Fabricación de equipo eléctrico de iluminación'),
(74, 'C', 27, 5, 'Fabricación de aparatos de uso doméstico'),
(75, 'C', 27, 9, 'Fabricación de otros tipos de equipo eléctrico'),
(76, 'C', 28, 1, 'Fabricación de maquinaria de uso general'),
(77, 'C', 28, 2, 'Fabricación de maquinaria de uso especial'),
(78, 'C', 29, 1, 'Fabricación de vehículos automotores'),
(79, 'C', 29, 2, 'Fabricacióndecarroceríasparavehículosautomotores;fabricaciónderemolquesysemirremolques'),
(80, 'C', 29, 3, 'Fabricación de partes, piezas y accesorios para vehículos automotores'),
(81, 'C', 30, 1, 'Construcción de buques y otras embarcaciones'),
(82, 'C', 30, 2, 'Fabricación de locomotoras y material rodante'),
(83, 'C', 30, 3, 'Fabricación de aeronaves, naves espaciales y maquinaria conexa'),
(84, 'C', 30, 4, 'Fabricación de vehículos militares de combate'),
(85, 'C', 30, 9, 'Fabricación de equipo de transporte n.c.p.'),
(86, 'C', 31, 0, 'Fabricación de muebles'),
(87, 'C', 32, 1, 'Fabricación de joyas, bisutería y artículos conexos'),
(88, 'C', 32, 2, 'Fabricación de instrumentos musicales'),
(89, 'C', 32, 3, 'Fabricación de artículos de deporte'),
(90, 'C', 32, 4, 'Fabricación de juegos y juguetes'),
(91, 'C', 32, 5, 'Fabricación de instrumentos y materiales médicos y odontológicos'),
(92, 'C', 32, 9, 'Otras industrias manufactureras n.c.p.'),
(93, 'C', 33, 1, 'Reparación de productos elaborados de metal, maquinaria y equipo'),
(94, 'C', 33, 2, 'Instalación de maquinaria y equipo industriales'),
(95, 'D', 35, 1, 'Generación, transmisión y distribución de energía eléctrica'),
(96, 'D', 35, 2, 'Producción de gas; distribución de combustibles gaseosos por tuberías'),
(97, 'D', 35, 3, 'Suministro de vapor y de aire acondicionado'),
(98, 'E', 36, 0, 'Captación, tratamiento y distribución de agua'),
(99, 'E', 37, 0, 'Evacuación de aguas residuales'),
(100, 'E', 38, 1, 'Recogida de desechos'),
(101, 'E', 38, 2, 'Tratamiento y eliminación de desechos'),
(102, 'E', 38, 3, 'Recuperación de materiales'),
(103, 'E', 39, 0, 'Actividades de descontaminación y otros servicios de gestión de desechos'),
(104, 'F', 41, 0, 'Construcción de edificios'),
(105, 'F', 42, 1, 'Construcción de carreteras, vías de ferrocarril, puentes y túneles'),
(106, 'F', 42, 2, 'Construcción de proyectos de servicio público'),
(107, 'F', 42, 9, 'Construcción de otras obras de ingeniería civil'),
(108, 'F', 43, 1, 'Demolición y preparación del terreno'),
(109, 'F', 43, 2, 'Instalacioneseléctricasydeplomeríayotrasinstalacionesparaobrasdeconstrucción'),
(110, 'F', 43, 3, 'Terminación y acabado de edificios'),
(111, 'F', 43, 9, 'Otras actividades especializadas de construcción'),
(112, 'G', 45, 1, 'Venta de vehículos automotores'),
(113, 'G', 45, 2, 'Mantenimiento y reparación de vehículos automotores'),
(114, 'G', 45, 3, 'Venta de partes, piezas y accesorios para vehículos automotores'),
(115, 'G', 45, 4, 'Venta, mantenimiento y reparación de motocicletas y sus partes, piezas y accesorios'),
(116, 'G', 46, 1, 'Venta al por mayor a cambio de una retribución o por contrata'),
(117, 'G', 46, 2, 'Venta al por mayor de materias primas agropecuarias y animales vivos'),
(118, 'G', 46, 3, 'Venta al por mayor de alimentos, bebidas y tabaco'),
(119, 'G', 46, 4, 'Venta al por mayor de enseres domésticos'),
(120, 'G', 46, 5, 'Venta al por mayor de maquinaria, equipo y materiales'),
(121, 'G', 46, 6, 'Otras actividades de venta al por mayor especializada'),
(122, 'G', 46, 9, 'Venta al por mayor no especializada'),
(123, 'G', 47, 1, 'Venta al por menor en comercios no especializados'),
(124, 'G', 47, 2, 'Venta al por menor de alimentos, bebidas o tabaco en comercios especializados'),
(125, 'G', 47, 3, 'Ventaalpormenordecombustiblesparavehículosautomotoresencomerciosespecializados'),
(126, 'G', 47, 4, 'Ventaalpormenordeequipodeinformaciónydecomunicacionesencomerciosespecializados'),
(127, 'G', 47, 5, 'Venta al por menor de otros enseres domésticos en comercios especializados'),
(128, 'G', 47, 6, 'Ventaalpormenordeproductosculturalesyrecreativosencomerciosespecializados'),
(129, 'G', 47, 7, 'Venta al por menor de otros productos en comercios especializados'),
(130, 'G', 47, 8, 'Venta al por menor en puestos de venta y mercados'),
(131, 'G', 47, 9, 'Venta al por menor no realizada en comercios, puestos de venta o mercados'),
(132, 'H', 49, 1, 'Transporte por ferrocarril'),
(133, 'H', 49, 2, 'Otras actividades de transporte por vía terrestre'),
(134, 'H', 49, 3, 'Transporte por tuberías'),
(135, 'H', 50, 1, 'Transporte marítimo y de cabotaje'),
(136, 'H', 50, 2, 'Transporte por vías de navegación interiores'),
(137, 'H', 51, 1, 'Transporte de pasajeros por vía aérea'),
(138, 'H', 51, 2, 'Transporte de carga por vía aérea'),
(139, 'H', 52, 1, 'Almacenamiento y depósito'),
(140, 'H', 52, 2, 'Actividades de apoyo al transporte'),
(141, 'H', 53, 1, 'Actividades postales'),
(142, 'H', 53, 2, 'Actividades de mensajería'),
(143, 'I', 55, 1, 'Actividades de alojamiento para estancias cortas'),
(144, 'I', 55, 2, 'Actividadesdecampamentos,parquesdevehículosderecreoyparquesdecaravanas'),
(145, 'I', 55, 9, 'Otras actividades de alojamiento'),
(146, 'I', 56, 1, 'Actividades de restaurantes y de servicio móvil de comidas'),
(147, 'I', 56, 2, 'Suministro de comidas por encargo y otras actividades de servicio de comidas'),
(148, 'I', 56, 3, 'Actividades de servicio de bebidas'),
(149, 'J', 58, 1, 'Edición de libros y publicaciones periódicas y otras actividades de edición'),
(150, 'J', 58, 2, 'Edición de programas informáticos'),
(151, 'J', 59, 1, 'Actividadesdeproduccióndepelículascinematográficas,videosyprogramasdetelevisión'),
(152, 'J', 59, 2, 'Actividades de grabación de sonido y edición de música'),
(153, 'J', 60, 1, 'Actividades programación y difusión de radio'),
(154, 'J', 60, 2, 'Programación y transmisiones de televisión'),
(155, 'J', 61, 1, 'Actividades de telecomunicaciones alámbricas'),
(156, 'J', 61, 2, 'Actividades de telecomunicaciones inalámbricas'),
(157, 'J', 61, 3, 'Actividades de telecomunicaciones por satélite'),
(158, 'J', 61, 9, 'Otras actividades de telecomunicación n.c.p.'),
(159, 'J', 62, 0, 'Actividades de programación, consultoría informática y actividades conexas'),
(160, 'J', 63, 1, 'Procesamiento de datos, hosting y actividades conexas, Portales Web'),
(161, 'J', 63, 9, 'Otras actividades del servicio de informática'),
(162, 'K', 64, 1, 'Servicios de intermediación financiera'),
(163, 'K', 64, 2, 'Actividades de sociedades de cartera'),
(164, 'K', 64, 3, 'Fondos y sociedades de inversión'),
(165, 'K', 64, 9, 'Otras actividades de servicios financieros'),
(166, 'K', 65, 1, 'Servicios de seguros'),
(167, 'K', 65, 2, 'Reaseguros'),
(168, 'K', 65, 3, 'Fondos de pensiones'),
(169, 'K', 66, 1, 'Actividadesauxiliaresdelasactividadesdeserviciosfinancieros,exceptolasdeseguros reaseguros y fondos de pensiones'),
(170, 'K', 66, 2, 'Actividades auxiliares de la actividad aseguradora y fondos de pensiones'),
(171, 'K', 66, 3, 'Actividades de gestión de fondos'),
(172, 'L', 68, 1, 'Actividades inmobiliarias realizadas con bienes propios o arrendados'),
(173, 'L', 68, 2, 'Actividades inmobiliarias realizadas a cambio de una retribución o por contrata'),
(174, 'M', 69, 1, 'Actividades jurídicas'),
(175, 'M', 69, 2, 'Actividades de contabilidad, teneduría de libros y auditoría; consultoría fiscal'),
(176, 'M', 70, 1, 'Actividades de oficinas centrales'),
(177, 'M', 70, 2, 'Actividades de consultoría de gestión empresarial'),
(178, 'M', 71, 1, 'Actividadesdearquitecturaeingenieríayactividadesconexasdeconsultoríatécnica'),
(179, 'M', 71, 2, 'Actividades de servicios de ensayos y análisis técnicos'),
(180, 'M', 72, 1, 'Investigacionesydesarrolloexperimentalenelcampodelascienciasnaturalesylaingeniería'),
(181, 'M', 72, 2, 'Investigacionesydesarrolloexperimentalenelcampodelascienciassocialesylashumanidades'),
(182, 'M', 73, 1, 'Servicios de publicidad'),
(183, 'M', 73, 2, 'Estudios de mercado y encuestas de opinión pública'),
(184, 'M', 74, 1, 'Actividades especializadas de diseño'),
(185, 'M', 74, 2, 'Actividades de fotografía'),
(186, 'M', 74, 9, 'Otras actividades profesionales, científicas y técnicas n.c.p.'),
(187, 'M', 75, 0, 'Actividades veterinarias'),
(188, 'N', 77, 1, 'Alquiler y arrendamiento de vehículos automotores sin conductor'),
(189, 'N', 77, 2, 'Alquiler y arrendamiento de efectos personales y enseres domésticos'),
(190, 'N', 77, 3, 'Alquiler y arrendamiento de activos tangibles y de maquinaria y equipo, sin operarios'),
(191, 'N', 77, 4, 'Arrendamientodepropiedadintelectualyproductossimilares,exceptoobrasprotegidas por derechos de autor'),
(192, 'N', 78, 1, 'Actividades de agencias de empleo'),
(193, 'N', 78, 2, 'Actividades de agencias de empleo temporal'),
(194, 'N', 78, 3, 'Otras actividades de dotación de recursos humanos'),
(195, 'N', 79, 1, 'Actividades de agencias de viajes y operadores turísticos'),
(196, 'N', 79, 9, 'Otros servicios de reservas y actividades conexas'),
(197, 'N', 80, 1, 'Actividades de seguridad privada'),
(198, 'N', 80, 2, 'Actividades de servicios de sistemas de seguridad'),
(199, 'N', 80, 3, 'Actividades de investigación'),
(200, 'N', 81, 1, 'Actividades combinadas de apoyo a instalaciones'),
(201, 'N', 81, 2, 'Actividades de limpieza'),
(202, 'N', 81, 3, 'Actividades de paisajismo y servicios de mantenimiento conexos'),
(203, 'N', 82, 1, 'Actividades administrativas y de apoyo de oficina'),
(204, 'N', 82, 2, 'Actividades de centros de llamadas'),
(205, 'N', 82, 3, 'Organización de convenciones y exposiciones comerciales'),
(206, 'N', 82, 9, 'Actividades de servicios de apoyo a las empresas n.c.p.'),
(207, 'O', 84, 1, 'AdministracióndelEstadoyaplicacióndelapolíticaeconómicaysocialdelacomunidad'),
(208, 'O', 84, 2, 'Prestación de servicios a la comunidad en general'),
(209, 'O', 84, 3, 'Actividades de planes de seguridad social de afiliación obligatoria'),
(210, 'P', 85, 1, 'Educación inicial y primaria'),
(211, 'P', 85, 2, 'Educación media'),
(212, 'P', 85, 3, 'Educación universitaria'),
(213, 'P', 85, 4, 'Otros tipos de enseñanza'),
(214, 'P', 85, 5, 'Actividades de apoyo a la enseñanza'),
(215, 'Q', 86, 1, 'Servicios hospitalarios'),
(216, 'Q', 86, 2, 'Servicios médicos y otros especialistas en consultorios'),
(217, 'Q', 86, 3, 'Servicios de laboratorios clínicos y de diagnóstico por imagen'),
(218, 'Q', 86, 9, 'Otras actividades relacionadas con la salud humana n.c.p.'),
(219, 'Q', 87, 1, 'Servicios sociales con alojamiento relacionados con atención a la salud'),
(220, 'Q', 87, 2, 'Serviciossocialesconalojamientoparapersonascondiscapacidadintelectual,enfermedad mental o adicciones'),
(221, 'Q', 87, 3, 'Serviciossocialesconalojamientoparapersonasmayoresypersonascondiscapacidad'),
(222, 'Q', 87, 9, 'Otros servicios sociales con alojamiento n.c.p.'),
(223, 'Q', 88, 1, 'Serviciossocialessinalojamientoparapersonasmayoresypersonascondiscapacidad'),
(224, 'Q', 88, 9, 'Otros servicios sociales sin alojamiento'),
(225, 'R', 90, 0, 'Actividades creativas, artísticas y de entretenimiento'),
(226, 'R', 91, 0, 'Actividades de bibliotecas, archivos, museos y otras actividades culturales'),
(227, 'R', 92, 0, 'Actividades de juegos de azar y apuestas'),
(228, 'R', 93, 1, 'Actividades deportivas'),
(229, 'R', 93, 2, 'Otras actividades de esparcimiento y recreativas'),
(230, 'S', 94, 1, 'Actividades de asociaciones empresariales, profesionales y de empleadores'),
(231, 'S', 94, 2, 'Actividades de sindicatos'),
(232, 'S', 94, 9, 'Actividades de otras asociaciones'),
(233, 'S', 95, 1, 'Reparación de computadores y equipo de comunicaciones'),
(234, 'S', 95, 2, 'Reparación de efectos personales y enseres domésticos'),
(235, 'S', 96, 0, 'Otras actividades de servicios personales'),
(236, 'T', 97, 0, 'Actividades de los hogares como empleadores de personal doméstico'),
(237, 'T', 98, 1, 'Actividades no diferenciadas de los hogares como productores de bienes para uso propio'),
(238, 'T', 98, 2, 'Actividadesnodiferenciadasdeloshogarescomoproductoresdeserviciosparausopropio'),
(239, 'U', 99, 0, 'Actividades de organizaciones y órganos extraterritoriales');

-- --------------------------------------------------------

--
-- Estructura de tabla para la tabla `inspectoria`
--

CREATE TABLE IF NOT EXISTS `inspectoria` (
  `id` varchar(5) CHARACTER SET latin1 NOT NULL,
  `inspectoria` varchar(100) CHARACTER SET latin1 NOT NULL,
  `id_estado` int(11) NOT NULL,
  PRIMARY KEY (`id`),
  KEY `id_estado` (`id_estado`)
) ENGINE=InnoDB DEFAULT CHARSET=utf8;

--
-- Volcado de datos para la tabla `inspectoria`
--

INSERT INTO `inspectoria` (`id`, `inspectoria`, `id_estado`) VALUES
('001', 'ACARIGUA', 17),
('002', 'ALTAGRACIA DE ORITUCO', 11),
('003', 'BARCELONA (Alberto Lovera)', 2),
('004', 'BARINAS', 5),
('005', 'BARQUISIMETO (Pio Tamayo)', 12),
('006', 'BOBURES', 23),
('007', 'BOCONÓ', 20),
('008', 'CABIMAS', 23),
('009', 'CAGUA (Carlos Arturo Pardo)', 4),
('011', 'CALABOZO', 11),
('012', 'ANACO', 2),
('013', 'CARORA', 12),
('014', 'CARÚPANO', 18),
('015', 'CASIGUA', 23),
('016', 'CAUCAGUA', 14),
('017', 'CHARALLAVE', 14),
('018', 'CIUDAD BOLIVAR', 6),
('019', 'CIUDAD PIAR', 6),
('020', 'CORO', 10),
('021', 'CUMANÁ', 18),
('022', 'DABAJURO', 10),
('023', 'CENTRO', 24),
('024', 'EL TIGRE', 2),
('025', 'EL TOCUYO', 12),
('026', 'EL VIGIA', 13),
('027', 'ESTE', 24),
('028', 'GUACARA (Batalla de Vigirima)', 7),
('029', 'GUANARE', 17),
('030', 'GUATIRE (J.R. Núñez Tenorio)', 14),
('031', 'GUASDUALITO', 3),
('032', 'GUASIPÁTI', 6),
('033', 'GÜIRIA', 18),
('034', 'HIGUEROTE', 14),
('035', 'LA FRIA', 19),
('036', 'LA GUAIRA', 21),
('037', 'LA VICTORIA', 4),
('039', 'LOS TEQUES', 14),
('040', 'MACHIQUES', 23),
('041', 'MANTECAL', 3),
('042', 'MARACAIBO (Dr. Luis Gómez)', 23),
('043', 'MARACAY', 4),
('044', 'MATURIN', 15),
('045', 'MENE GRANDE', 23),
('046', 'MERIDA', 13),
('047', 'PORLAMAR', 16),
('048', 'PUERTO AYACUCHO', 1),
('049', 'PUERTO CABELLO', 7),
('050', 'PUERTO LA CRUZ', 2),
('051', 'PTO ORDAZ (Alfredo Maneiro)', 6),
('052', 'PUNTA DE MATA', 15),
('053', 'FALCÓN (Alí Primera)', 10),
('054', 'SAN ANTONIO', 19),
('055', 'SAN CARLOS', 8),
('056', 'SAN CRISTÓBAL (Cipriano Castro)', 19),
('057', 'SAN FELIPE', 22),
('058', 'SAN FERNANDO DE APURE', 3),
('059', 'SAN FRANCISCO', 23),
('060', 'SAN JUAN DE LOS MORROS', 11),
('061', 'SAN RAFAEL EL MOJAN', 23),
('062', 'SOCOPÓ', 5),
('063', 'SANTA BÁRBARA DEL ZULIA', 23),
('065', 'TIMOTES', 19),
('066', 'TRUJILLO', 20),
('067', 'TUCACAS', 7),
('068', 'TUCUPITA', 9),
('069', 'VALENCIA MICHELENA', 7),
('070', 'VALERA', 20),
('071', 'VALLE DE LA PASCUA', 11),
('072', 'YARITAGUA', 22),
('074', 'SAN FELIX', 6),
('075', 'CIUDAD OJEDA LAGUNILLAS', 23),
('078', 'BARQUISIMETO (Pedro Abarca)', 12),
('079', 'SUR DON JULIO (Pedro ortega díaz)', 24),
('080', 'VALENCIA (Cesar Pipo Arteaga)', 7);

-- --------------------------------------------------------

--
-- Estructura de tabla para la tabla `municipios`
--

CREATE TABLE IF NOT EXISTS `municipios` (
  `id_municipio` int(11) NOT NULL AUTO_INCREMENT,
  `id_estado` int(11) NOT NULL,
  `municipio` varchar(100) NOT NULL,
  PRIMARY KEY (`id_municipio`),
  KEY `id_estado` (`id_estado`)
) ENGINE=InnoDB  DEFAULT CHARSET=utf8 AUTO_INCREMENT=463 ;

--
-- Volcado de datos para la tabla `municipios`
--

INSERT INTO `municipios` (`id_municipio`, `id_estado`, `municipio`) VALUES
(1, 1, 'Alto Orinoco'),
(2, 1, 'Atabapo'),
(3, 1, 'Atures'),
(4, 1, 'Autana'),
(5, 1, 'Manapiare'),
(6, 1, 'Maroa'),
(7, 1, 'Río Negro'),
(8, 2, 'Anaco'),
(9, 2, 'Aragua'),
(10, 2, 'Manuel Ezequiel Bruzual'),
(11, 2, 'Diego Bautista Urbaneja'),
(12, 2, 'Fernando Peñalver'),
(13, 2, 'Francisco Del Carmen Carvajal'),
(14, 2, 'General Sir Arthur McGregor'),
(15, 2, 'Guanta'),
(16, 2, 'Independencia'),
(17, 2, 'José Gregorio Monagas'),
(18, 2, 'Juan Antonio Sotillo'),
(19, 2, 'Juan Manuel Cajigal'),
(20, 2, 'Libertad'),
(21, 2, 'Francisco de Miranda'),
(22, 2, 'Pedro María Freites'),
(23, 2, 'Píritu'),
(24, 2, 'San José de Guanipa'),
(25, 2, 'San Juan de Capistrano'),
(26, 2, 'Santa Ana'),
(27, 2, 'Simón Bolívar'),
(28, 2, 'Simón Rodríguez'),
(29, 3, 'Achaguas'),
(30, 3, 'Biruaca'),
(31, 3, 'Muñóz'),
(32, 3, 'Páez'),
(33, 3, 'Pedro Camejo'),
(34, 3, 'Rómulo Gallegos'),
(35, 3, 'San Fernando'),
(36, 4, 'Atanasio Girardot'),
(37, 4, 'Bolívar'),
(38, 4, 'Camatagua'),
(39, 4, 'Francisco Linares Alcántara'),
(40, 4, 'José Ángel Lamas'),
(41, 4, 'José Félix Ribas'),
(42, 4, 'José Rafael Revenga'),
(43, 4, 'Libertador'),
(44, 4, 'Mario Briceño Iragorry'),
(45, 4, 'Ocumare de la Costa de Oro'),
(46, 4, 'San Casimiro'),
(47, 4, 'San Sebastián'),
(48, 4, 'Santiago Mariño'),
(49, 4, 'Santos Michelena'),
(50, 4, 'Sucre'),
(51, 4, 'Tovar'),
(52, 4, 'Urdaneta'),
(53, 4, 'Zamora'),
(54, 5, 'Alberto Arvelo Torrealba'),
(55, 5, 'Andrés Eloy Blanco'),
(56, 5, 'Antonio José de Sucre'),
(57, 5, 'Arismendi'),
(58, 5, 'Barinas'),
(59, 5, 'Bolívar'),
(60, 5, 'Cruz Paredes'),
(61, 5, 'Ezequiel Zamora'),
(62, 5, 'Obispos'),
(63, 5, 'Pedraza'),
(64, 5, 'Rojas'),
(65, 5, 'Sosa'),
(66, 6, 'Caroní'),
(67, 6, 'Cedeño'),
(68, 6, 'El Callao'),
(69, 6, 'Gran Sabana'),
(70, 6, 'Heres'),
(71, 6, 'Piar'),
(72, 6, 'Angostura (Raúl Leoni)'),
(73, 6, 'Roscio'),
(74, 6, 'Sifontes'),
(75, 6, 'Sucre'),
(76, 6, 'Padre Pedro Chien'),
(77, 7, 'Bejuma'),
(78, 7, 'Carlos Arvelo'),
(79, 7, 'Diego Ibarra'),
(80, 7, 'Guacara'),
(81, 7, 'Juan José Mora'),
(82, 7, 'Libertador'),
(83, 7, 'Los Guayos'),
(84, 7, 'Miranda'),
(85, 7, 'Montalbán'),
(86, 7, 'Naguanagua'),
(87, 7, 'Puerto Cabello'),
(88, 7, 'San Diego'),
(89, 7, 'San Joaquín'),
(90, 7, 'Valencia'),
(91, 8, 'Anzoátegui'),
(92, 8, 'Tinaquillo'),
(93, 8, 'Girardot'),
(94, 8, 'Lima Blanco'),
(95, 8, 'Pao de San Juan Bautista'),
(96, 8, 'Ricaurte'),
(97, 8, 'Rómulo Gallegos'),
(98, 8, 'San Carlos'),
(99, 8, 'Tinaco'),
(100, 9, 'Antonio Díaz'),
(101, 9, 'Casacoima'),
(102, 9, 'Pedernales'),
(103, 9, 'Tucupita'),
(104, 10, 'Acosta'),
(105, 10, 'Bolívar'),
(106, 10, 'Buchivacoa'),
(107, 10, 'Cacique Manaure'),
(108, 10, 'Carirubana'),
(109, 10, 'Colina'),
(110, 10, 'Dabajuro'),
(111, 10, 'Democracia'),
(112, 10, 'Falcón'),
(113, 10, 'Federación'),
(114, 10, 'Jacura'),
(115, 10, 'José Laurencio Silva'),
(116, 10, 'Los Taques'),
(117, 10, 'Mauroa'),
(118, 10, 'Miranda'),
(119, 10, 'Monseñor Iturriza'),
(120, 10, 'Palmasola'),
(121, 10, 'Petit'),
(122, 10, 'Píritu'),
(123, 10, 'San Francisco'),
(124, 10, 'Sucre'),
(125, 10, 'Tocópero'),
(126, 10, 'Unión'),
(127, 10, 'Urumaco'),
(128, 10, 'Zamora'),
(129, 11, 'Camaguán'),
(130, 11, 'Chaguaramas'),
(131, 11, 'El Socorro'),
(132, 11, 'José Félix Ribas'),
(133, 11, 'José Tadeo Monagas'),
(134, 11, 'Juan Germán Roscio'),
(135, 11, 'Julián Mellado'),
(136, 11, 'Las Mercedes'),
(137, 11, 'Leonardo Infante'),
(138, 11, 'Pedro Zaraza'),
(139, 11, 'Ortíz'),
(140, 11, 'San Gerónimo de Guayabal'),
(141, 11, 'San José de Guaribe'),
(142, 11, 'Santa María de Ipire'),
(143, 11, 'Sebastián Francisco de Miranda'),
(144, 12, 'Andrés Eloy Blanco'),
(145, 12, 'Crespo'),
(146, 12, 'Iribarren'),
(147, 12, 'Jiménez'),
(148, 12, 'Morán'),
(149, 12, 'Palavecino'),
(150, 12, 'Simón Planas'),
(151, 12, 'Torres'),
(152, 12, 'Urdaneta'),
(179, 13, 'Alberto Adriani'),
(180, 13, 'Andrés Bello'),
(181, 13, 'Antonio Pinto Salinas'),
(182, 13, 'Aricagua'),
(183, 13, 'Arzobispo Chacón'),
(184, 13, 'Campo Elías'),
(185, 13, 'Caracciolo Parra Olmedo'),
(186, 13, 'Cardenal Quintero'),
(187, 13, 'Guaraque'),
(188, 13, 'Julio César Salas'),
(189, 13, 'Justo Briceño'),
(190, 13, 'Libertador'),
(191, 13, 'Miranda'),
(192, 13, 'Obispo Ramos de Lora'),
(193, 13, 'Padre Noguera'),
(194, 13, 'Pueblo Llano'),
(195, 13, 'Rangel'),
(196, 13, 'Rivas Dávila'),
(197, 13, 'Santos Marquina'),
(198, 13, 'Sucre'),
(199, 13, 'Tovar'),
(200, 13, 'Tulio Febres Cordero'),
(201, 13, 'Zea'),
(223, 14, 'Acevedo'),
(224, 14, 'Andrés Bello'),
(225, 14, 'Baruta'),
(226, 14, 'Brión'),
(227, 14, 'Buroz'),
(228, 14, 'Carrizal'),
(229, 14, 'Chacao'),
(230, 14, 'Cristóbal Rojas'),
(231, 14, 'El Hatillo'),
(232, 14, 'Guaicaipuro'),
(233, 14, 'Independencia'),
(234, 14, 'Lander'),
(235, 14, 'Los Salias'),
(236, 14, 'Páez'),
(237, 14, 'Paz Castillo'),
(238, 14, 'Pedro Gual'),
(239, 14, 'Plaza'),
(240, 14, 'Simón Bolívar'),
(241, 14, 'Sucre'),
(242, 14, 'Urdaneta'),
(243, 14, 'Zamora'),
(258, 15, 'Acosta'),
(259, 15, 'Aguasay'),
(260, 15, 'Bolívar'),
(261, 15, 'Caripe'),
(262, 15, 'Cedeño'),
(263, 15, 'Ezequiel Zamora'),
(264, 15, 'Libertador'),
(265, 15, 'Maturín'),
(266, 15, 'Piar'),
(267, 15, 'Punceres'),
(268, 15, 'Santa Bárbara'),
(269, 15, 'Sotillo'),
(270, 15, 'Uracoa'),
(271, 16, 'Antolín del Campo'),
(272, 16, 'Arismendi'),
(273, 16, 'García'),
(274, 16, 'Gómez'),
(275, 16, 'Maneiro'),
(276, 16, 'Marcano'),
(277, 16, 'Mariño'),
(278, 16, 'Península de Macanao'),
(279, 16, 'Tubores'),
(280, 16, 'Villalba'),
(281, 16, 'Díaz'),
(282, 17, 'Agua Blanca'),
(283, 17, 'Araure'),
(284, 17, 'Esteller'),
(285, 17, 'Guanare'),
(286, 17, 'Guanarito'),
(287, 17, 'Monseñor José Vicente de Unda'),
(288, 17, 'Ospino'),
(289, 17, 'Páez'),
(290, 17, 'Papelón'),
(291, 17, 'San Genaro de Boconoíto'),
(292, 17, 'San Rafael de Onoto'),
(293, 17, 'Santa Rosalía'),
(294, 17, 'Sucre'),
(295, 17, 'Turén'),
(296, 18, 'Andrés Eloy Blanco'),
(297, 18, 'Andrés Mata'),
(298, 18, 'Arismendi'),
(299, 18, 'Benítez'),
(300, 18, 'Bermúdez'),
(301, 18, 'Bolívar'),
(302, 18, 'Cajigal'),
(303, 18, 'Cruz Salmerón Acosta'),
(304, 18, 'Libertador'),
(305, 18, 'Mariño'),
(306, 18, 'Mejía'),
(307, 18, 'Montes'),
(308, 18, 'Ribero'),
(309, 18, 'Sucre'),
(310, 18, 'Valdéz'),
(341, 19, 'Andrés Bello'),
(342, 19, 'Antonio Rómulo Costa'),
(343, 19, 'Ayacucho'),
(344, 19, 'Bolívar'),
(345, 19, 'Cárdenas'),
(346, 19, 'Córdoba'),
(347, 19, 'Fernández Feo'),
(348, 19, 'Francisco de Miranda'),
(349, 19, 'García de Hevia'),
(350, 19, 'Guásimos'),
(351, 19, 'Independencia'),
(352, 19, 'Jáuregui'),
(353, 19, 'José María Vargas'),
(354, 19, 'Junín'),
(355, 19, 'Libertad'),
(356, 19, 'Libertador'),
(357, 19, 'Lobatera'),
(358, 19, 'Michelena'),
(359, 19, 'Panamericano'),
(360, 19, 'Pedro María Ureña'),
(361, 19, 'Rafael Urdaneta'),
(362, 19, 'Samuel Darío Maldonado'),
(363, 19, 'San Cristóbal'),
(364, 19, 'Seboruco'),
(365, 19, 'Simón Rodríguez'),
(366, 19, 'Sucre'),
(367, 19, 'Torbes'),
(368, 19, 'Uribante'),
(369, 19, 'San Judas Tadeo'),
(370, 20, 'Andrés Bello'),
(371, 20, 'Boconó'),
(372, 20, 'Bolívar'),
(373, 20, 'Candelaria'),
(374, 20, 'Carache'),
(375, 20, 'Escuque'),
(376, 20, 'José Felipe Márquez Cañizalez'),
(377, 20, 'Juan Vicente Campos Elías'),
(378, 20, 'La Ceiba'),
(379, 20, 'Miranda'),
(380, 20, 'Monte Carmelo'),
(381, 20, 'Motatán'),
(382, 20, 'Pampán'),
(383, 20, 'Pampanito'),
(384, 20, 'Rafael Rangel'),
(385, 20, 'San Rafael de Carvajal'),
(386, 20, 'Sucre'),
(387, 20, 'Trujillo'),
(388, 20, 'Urdaneta'),
(389, 20, 'Valera'),
(390, 21, 'Vargas'),
(391, 22, 'Arístides Bastidas'),
(392, 22, 'Bolívar'),
(407, 22, 'Bruzual'),
(408, 22, 'Cocorote'),
(409, 22, 'Independencia'),
(410, 22, 'José Antonio Páez'),
(411, 22, 'La Trinidad'),
(412, 22, 'Manuel Monge'),
(413, 22, 'Nirgua'),
(414, 22, 'Peña'),
(415, 22, 'San Felipe'),
(416, 22, 'Sucre'),
(417, 22, 'Urachiche'),
(418, 22, 'José Joaquín Veroes'),
(441, 23, 'Almirante Padilla'),
(442, 23, 'Baralt'),
(443, 23, 'Cabimas'),
(444, 23, 'Catatumbo'),
(445, 23, 'Colón'),
(446, 23, 'Francisco Javier Pulgar'),
(447, 23, 'Páez'),
(448, 23, 'Jesús Enrique Losada'),
(449, 23, 'Jesús María Semprún'),
(450, 23, 'La Cañada de Urdaneta'),
(451, 23, 'Lagunillas'),
(452, 23, 'Machiques de Perijá'),
(453, 23, 'Mara'),
(454, 23, 'Maracaibo'),
(455, 23, 'Miranda'),
(456, 23, 'Rosario de Perijá'),
(457, 23, 'San Francisco'),
(458, 23, 'Santa Rita'),
(459, 23, 'Simón Bolívar'),
(460, 23, 'Sucre'),
(461, 23, 'Valmore Rodríguez'),
(462, 24, 'Libertador');

-- --------------------------------------------------------

--
-- Estructura de tabla para la tabla `nivel_educativo`
--

CREATE TABLE IF NOT EXISTS `nivel_educativo` (
  `id` bigint(20) unsigned NOT NULL AUTO_INCREMENT,
  `cod_interno` varchar(2) CHARACTER SET latin1 NOT NULL,
  `descripcion_nivel` varchar(100) CHARACTER SET latin1 NOT NULL,
  PRIMARY KEY (`cod_interno`),
  UNIQUE KEY `id` (`id`)
) ENGINE=InnoDB  DEFAULT CHARSET=utf8 AUTO_INCREMENT=8 ;

--
-- Volcado de datos para la tabla `nivel_educativo`
--

INSERT INTO `nivel_educativo` (`id`, `cod_interno`, `descripcion_nivel`) VALUES
(1, '01', 'No Sabe'),
(2, '02', 'Ninguno'),
(3, '03', 'Inicial(Preescolar)'),
(4, '04', 'Primaria(1-6)'),
(5, '05', 'Secundaria (1-5)(6)'),
(6, '06', 'Técnico Superior'),
(7, '07', 'Universitario');

-- --------------------------------------------------------

--
-- Estructura de tabla para la tabla `nomina`
--

CREATE TABLE IF NOT EXISTS `nomina` (
  `id` bigint(20) unsigned NOT NULL AUTO_INCREMENT,
  `nombres` varchar(200) CHARACTER SET latin1 NOT NULL COMMENT 'nombres y apellidos',
  `cedula` varchar(10) CHARACTER SET latin1 NOT NULL,
  `nacionalidad` char(1) CHARACTER SET latin1 NOT NULL COMMENT 'V=venezolano, E=Extranjero',
  `pais_origen` varchar(100) CHARACTER SET latin1 NOT NULL,
  `lugar_nacimiento` varchar(100) CHARACTER SET latin1 NOT NULL COMMENT 'ciudad',
  `sexo` char(1) CHARACTER SET latin1 NOT NULL COMMENT 'F(femenino) M(masculino)',
  `edad` int(11) NOT NULL COMMENT 'años',
  `estado_civil` char(1) CHARACTER SET latin1 NOT NULL COMMENT 'S(soltero)C(casado),D(divorciado)V(viudo)',
  `nivel_educativo` varchar(2) CHARACTER SET latin1 NOT NULL COMMENT '01(no sabe) 02(ninguno)03(inicial-preescolar)04(primaria-1-6)05(secundaria-1-5)06(tecnico superior) 07 (universitario)',
  `grado_anio_aprobado` int(11) NOT NULL COMMENT 'años',
  `oficio_dentro_establecimiento` varchar(255) CHARACTER SET latin1 NOT NULL,
  `codigo_ocupacion` int(11) NOT NULL,
  `tiempo_serv_establecimiento_anios` int(11) NOT NULL,
  `tiempo_serv_establecimiento_meses` int(11) NOT NULL,
  `tiempo_ejerciendo_profesion_anios` int(11) NOT NULL,
  `tiempo_ejerciendo_profesion_meses` int(11) NOT NULL,
  `remuneracion_antes_contra_empleado` decimal(10,2) NOT NULL,
  `remuneracion_antes_contra_obrero` decimal(10,2) NOT NULL,
  `remuneracion_despues_contra_empleado` decimal(10,2) NOT NULL,
  `remuneracion_despues_contra_obrero` decimal(10,2) NOT NULL,
  `carga_familiar` int(11) NOT NULL,
  `cod_convencion` bigint(20) unsigned NOT NULL,
  PRIMARY KEY (`id`),
  UNIQUE KEY `cedula` (`cedula`,`cod_convencion`),
  KEY `cod_convencion` (`cod_convencion`),
  KEY `nivel_educativo` (`nivel_educativo`)
) ENGINE=InnoDB  DEFAULT CHARSET=utf8 AUTO_INCREMENT=152 ;

--
-- Volcado de datos para la tabla `nomina`
--

INSERT INTO `nomina` (`id`, `nombres`, `cedula`, `nacionalidad`, `pais_origen`, `lugar_nacimiento`, `sexo`, `edad`, `estado_civil`, `nivel_educativo`, `grado_anio_aprobado`, `oficio_dentro_establecimiento`, `codigo_ocupacion`, `tiempo_serv_establecimiento_anios`, `tiempo_serv_establecimiento_meses`, `tiempo_ejerciendo_profesion_anios`, `tiempo_ejerciendo_profesion_meses`, `remuneracion_antes_contra_empleado`, `remuneracion_antes_contra_obrero`, `remuneracion_despues_contra_empleado`, `remuneracion_despues_contra_obrero`, `carga_familiar`, `cod_convencion`) VALUES
(102, 'Acosta Bello, Joel Antonio', '19667073', 'V', 'Venezuela', 'Valencia', 'M', 22, 'S', '05', 0, 'Operador 3', 0, 1, 3, 0, 0, '0.00', '81.90', '0.00', '106.47', 0, 8),
(103, 'Aray Vitapaz, Brayan José', '19479129', 'V', 'Venezuela', 'Valencia', 'M', 22, 'S', '05', 0, 'Operador 3', 0, 1, 4, 0, 0, '0.00', '81.89', '0.00', '106.46', 0, 8),
(104, 'Arias Marcano, Yelika Andreina', '14495920', 'V', 'Venezuela', 'Caracas', 'F', 32, 'C', '07', 0, 'Coord Calidad Y Procesos', 0, 1, 3, 0, 0, '5532.12', '0.00', '7191.76', '0.00', 1, 8),
(105, 'Arias Rincón, Oscar José', '18412958', 'V', 'Venezuela', 'Valencia', 'M', 26, 'S', '06', 0, 'Coord.De Seguridad Y Salud Laboral', 0, 0, 3, 0, 0, '3500.00', '0.00', '3500.00', '0.00', 2, 8),
(106, 'Arzola Ron, Omaira De Jesús', '7127124', 'V', 'Venezuela', 'Valencia', 'F', 53, 'S', '05', 0, 'Operador 1', 0, 5, 5, 0, 0, '0.00', '111.64', '0.00', '145.13', 0, 8),
(107, 'Betancourt Yanez, Dilcia Del Carmen', '9403674', 'V', 'Venezuela', 'San Juan De Los Morros', 'F', 44, 'S', '05', 0, 'Lider Calidad 2', 0, 4, 6, 0, 0, '3418.33', '0.00', '4443.83', '0.00', 0, 8),
(108, 'Cabrera Rodríguez, Resbel Antonio', '20950942', 'V', 'Venezuela', 'San Juan De Los Morros', 'M', 18, 'S', '05', 0, 'Operador 3', 0, 0, 2, 0, 0, '0.00', '59.35', '0.00', '106.46', 0, 8),
(109, 'Campos Rodríguez, Regino', '6697264', 'V', 'Venezuela', 'Guarico', 'M', 49, 'S', '05', 0, 'Operador 2', 0, 4, 6, 0, 0, '0.00', '110.01', '0.00', '143.01', 2, 8),
(110, 'Carrero Guzmán, Jairo Antonio', '20382854', 'V', 'Venezuela', 'Valencia', 'M', 20, 'S', '01', 0, 'Operador 3', 0, 1, 3, 0, 0, '0.00', '81.90', '0.00', '106.47', 0, 8),
(111, 'Correa Correa, Wilmer', '15684169', 'V', 'Venezuela', 'Caracas', 'M', 32, 'S', '05', 0, 'Chofer 2', 0, 4, 7, 0, 0, '0.00', '120.31', '0.00', '156.40', 0, 8),
(112, 'Fernandes Rodríguez, José Alexander', '14303141', 'V', 'Venezuela', 'Guacara', 'M', 37, 'S', '05', 0, 'Aux.Serv.Generales 3', 0, 1, 3, 0, 0, '0.00', '81.90', '0.00', '106.47', 1, 8),
(113, 'Figueredo Díaz, Abraham David', '9862027', 'V', 'Venezuela', 'Valencia', 'M', 46, 'S', '05', 0, 'Lider De Producci?n 2', 0, 1, 5, 0, 0, '3200.00', '0.00', '4160.00', '0.00', 2, 8),
(114, 'García Matute, Carlos Eduardo', '20081131', 'V', 'Venezuela', 'Valencia', 'M', 24, 'S', '05', 0, 'Lider Calidad 2', 0, 2, 7, 0, 0, '3389.10', '0.00', '4405.83', '0.00', 0, 8),
(115, 'González César, Carlos Luis', '14819080', 'V', 'Venezuela', 'Valencia', 'M', 33, 'S', '05', 0, 'Operador 3', 0, 1, 4, 0, 0, '0.00', '81.89', '0.00', '109.64', 4, 8),
(116, 'González Senoco, Omar Alexander', '12522371', 'V', 'Venezuela', 'Valencia', 'M', 36, 'S', '05', 0, 'Operador 3', 0, 1, 1, 0, 0, '0.00', '81.90', '0.00', '106.47', 0, 8),
(117, 'Guerrero Flores, Oliver De Jesus', '19602230', 'V', 'Venezuela', 'Trujillo', 'M', 25, 'S', '05', 0, 'Operador 3', 0, 1, 2, 0, 0, '0.00', '81.90', '0.00', '106.46', 0, 8),
(118, 'Hernández Crespo, Wilmer Antonio', '17956886', 'V', 'Venezuela', 'Valencia', 'M', 29, 'S', '05', 0, 'Operador 3', 0, 1, 4, 0, 0, '0.00', '81.89', '0.00', '106.46', 3, 8),
(119, 'Hernandez Peña, Alixon Carolina', '12102386', 'V', 'Venezuela', 'Valencia', 'F', 38, 'C', '05', 0, 'Lider De Producci?n', 0, 2, 8, 0, 0, '3449.82', '0.00', '4484.77', '0.00', 2, 8),
(120, 'Hernández Perozo, Iris Marbella', '13723399', 'V', 'Venezuela', 'Coro', 'F', 34, 'S', '05', 0, 'Lider Calidad 2', 0, 4, 5, 0, 0, '3634.43', '0.00', '4724.76', '0.00', 0, 8),
(121, 'Isambertt Díaz, Hendrikson Manuel', '14181858', 'V', 'Venezuela', 'Maracaibo', 'M', 33, 'S', '05', 0, 'Operador 3', 0, 1, 3, 0, 0, '0.00', '81.90', '0.00', '106.47', 0, 8),
(122, 'Leal Da Costa, José Jhon', '12481902', 'V', 'Venezuela', 'Caracas', 'M', 36, 'S', '05', 0, 'Coord.Mantenimiento 2', 0, 4, 9, 0, 0, '3995.55', '0.00', '5194.22', '0.00', 0, 8),
(123, 'Llovera Acosta, Mayda Elena', '14186987', 'V', 'Venezuela', 'Valencia', 'F', 32, 'S', '06', 0, 'Electrom?canico', 0, 1, 3, 0, 0, '3630.00', '0.00', '4719.00', '0.00', 1, 8),
(124, 'Lozada Chinchilla, David Orlando', '22009154', 'V', 'Venezuela', 'Valencia', 'M', 19, 'S', '05', 0, 'Aprendiz Ince', 0, 0, 11, 0, 0, '1323.86', '0.00', '1323.86', '0.00', 0, 8),
(125, 'Maldonado Aparicio, Natasha Vanessa', '14819405', 'V', 'Venezuela', 'Valencia', 'F', 32, 'S', '06', 0, 'Coord.Pcp/Compras', 0, 7, 6, 0, 0, '4497.71', '0.00', '5847.02', '0.00', 0, 8),
(126, 'Millano Olivera, Wuilmen Antonio', '15975376', 'V', 'Venezuela', 'Caracas', 'M', 29, 'S', '05', 0, 'Operador 3', 0, 0, 3, 0, 0, '0.00', '81.90', '0.00', '81.90', 2, 8),
(127, 'Mirabal Romero, Freddy Roger', '8847435', 'V', 'Venezuela', 'Valencia', 'M', 46, 'S', '05', 0, 'Auxiliar De Alm?cen 3', 0, 1, 6, 0, 0, '0.00', '81.90', '0.00', '109.63', 2, 8),
(128, 'Molina Plaza, Frank Gregrio', '18500489', 'V', 'Venezuela', 'Valencia', 'M', 25, 'S', '05', 0, 'Electrom?canico 2', 0, 1, 2, 0, 0, '3000.00', '0.00', '3.90', '0.00', 1, 8),
(129, 'Ochoa Rodriguez, José Gregorio', '8673908', 'V', 'Venezuela', 'Valencia', 'M', 53, 'S', '05', 0, 'Operador 2', 0, 4, 1, 0, 0, '0.00', '105.10', '0.00', '136.63', 0, 8),
(130, 'Oliveros Granados, Jesus Rafael', '13618300', 'V', 'Venezuela', 'Maracay', 'M', 33, 'C', '07', 0, 'Jefe De Producci?n', 0, 1, 4, 0, 0, '6655.00', '0.00', '8651.50', '0.00', 0, 8),
(131, 'Osabarrio Botello, Susana', '15529327', 'V', 'Venezuela', 'Valencia', 'F', 32, 'S', '07', 0, 'Coord.De Recursos Humanos', 0, 1, 6, 0, 0, '5183.64', '0.00', '6738.73', '0.00', 0, 8),
(132, 'Pacheco Rivero, Pedro Antonio', '23742497', 'V', 'Venezuela', 'Trujillo', 'M', 19, 'S', '05', 0, 'Operador 2', 0, 1, 3, 0, 0, '0.00', '88.54', '0.00', '115.10', 0, 8),
(133, 'Peraza Arraez, Osmar Hernan', '17553105', 'V', 'Venezuela', 'Valencia', 'M', 27, 'S', '05', 0, 'Operador 3', 0, 1, 2, 0, 0, '0.00', '81.90', '0.00', '106.46', 6, 8),
(134, 'Pérez, José Luis', '12310091', 'V', 'Venezuela', 'Valencia', 'M', 41, 'C', '05', 0, 'Aux.Serv.Generales 3', 0, 1, 3, 0, 0, '0.00', '81.90', '0.00', '106.47', 0, 8),
(135, 'Pérez Escalona, Gustavo Adolfo', '8846297', 'V', 'Venezuela', 'Valencia', 'M', 47, 'S', '05', 0, 'Supervisor De Producci?n', 0, 1, 8, 0, 0, '5081.67', '0.00', '6606.17', '0.00', 3, 8),
(136, 'Perez Pinto, Javier Alejandro', '17778944', 'V', 'Venezuela', 'Valencia', 'M', 26, 'S', '05', 0, 'Operador 3', 0, 1, 2, 0, 0, '0.00', '81.90', '0.00', '106.46', 1, 8),
(137, 'Plasencia Salazar, José Federico', '22740182', 'V', 'Venezuela', 'Puerto Ordaz', 'M', 20, 'S', '05', 0, 'Operador 3', 0, 1, 1, 0, 0, '0.00', '81.90', '0.00', '106.47', 0, 8),
(138, 'Primera Nieves, Pablo José', '13103016', 'V', 'Venezuela', 'Valencia', 'M', 36, 'S', '05', 0, 'Operador 3', 0, 1, 1, 0, 0, '0.00', '81.90', '0.00', '106.47', 1, 8),
(139, 'Quezada Hernández, Alexander Rafael', '7124495', 'V', 'Venezuela', 'Valencia', 'M', 42, 'S', '06', 0, 'Coord Mantenimiento', 0, 1, 6, 0, 0, '6708.24', '0.00', '8720.71', '0.00', 2, 8),
(140, 'Quintero Rodríguez, Jesús Alexander', '23426565', 'V', 'Venezuela', 'Valencia', 'M', 21, 'S', '05', 0, 'Operador 3', 0, 0, 3, 0, 0, '0.00', '81.90', '0.00', '81.90', 1, 8),
(141, 'Quintero Zavarce, Zuleima Del Carmen', '9633381', 'V', 'Venezuela', 'Coro', 'F', 50, 'D', '05', 0, 'Aux.Serv.Generales 2', 0, 7, 10, 0, 0, '0.00', '94.35', '0.00', '122.66', 6, 8),
(142, 'Requena, Auribeth Yadira', '13046909', 'V', 'Venezuela', 'Valencia', 'F', 39, 'S', '05', 0, 'Asistente De Operaciones', 0, 1, 5, 0, 0, '2782.77', '0.00', '3617.60', '0.00', 1, 8),
(143, 'Rivas Rodríguez, José Javier', '19997004', 'V', 'Venezuela', 'Maracay', 'M', 25, 'S', '05', 0, 'Aux.Serv.Generales 2', 0, 1, 4, 0, 0, '0.00', '81.89', '0.00', '106.46', 0, 8),
(144, 'Rodríguez, Yepzi Lisbeth', '10059762', 'V', 'Venezuela', 'Valencia', 'F', 41, 'C', '05', 0, 'Operador 2', 0, 4, 7, 0, 0, '0.00', '110.01', '0.00', '143.01', 3, 8),
(145, 'Romero Bolívar, Carlos Javier', '24295242', 'V', 'Venezuela', 'Valencia', 'M', 21, 'S', '05', 0, 'Auditor 2', 0, 1, 4, 0, 0, '0.00', '88.55', '0.00', '115.12', 0, 8),
(146, 'Rondón Saavedra, Jorge Daniel', '20731635', 'V', 'Venezuela', 'Valencia', 'M', 18, 'S', '05', 0, 'Aprendiz Ince', 0, 0, 11, 0, 0, '1323.86', '0.00', '1323.86', '0.00', 0, 8),
(147, 'Salom Herrera, Felipe Antonio', '15652960', 'V', 'Venezuela', 'Valencia', 'M', 31, 'S', '05', 0, 'Operador 3', 0, 1, 3, 0, 0, '0.00', '81.90', '0.00', '106.47', 1, 8),
(148, 'Torrealba Acosta, Miguel Angel', '16401991', 'V', 'Venezuela', 'Valencia', 'M', 28, 'S', '05', 0, 'Operador 3', 0, 1, 2, 0, 0, '0.00', '81.90', '0.00', '106.47', 2, 8),
(149, 'Tortolero Morloy, Carlos Eduardo', '18501659', 'V', 'Venezuela', 'Valencia', 'M', 25, 'S', '05', 0, 'Operador 3', 0, 1, 2, 0, 0, '0.00', '81.90', '0.00', '106.47', 2, 8),
(150, 'Zarate Campos, Jonathan José', '17807331', 'V', 'Venezuela', 'Valencia', 'M', 25, 'S', '05', 0, 'Coord.Producci?n', 0, 5, 6, 0, 0, '4672.14', '0.00', '6073.78', '0.00', 0, 8),
(151, 'Zerpa Rodríguez, José Fernando', '12568645', 'V', 'Venezuela', 'Valencia', 'M', 35, 'C', '07', 0, 'Supervisor Materiales', 0, 2, 4, 0, 0, '8121.76', '0.00', '10558.29', '0.00', 1, 8);

-- --------------------------------------------------------

--
-- Estructura de tabla para la tabla `nomina_tipo_sindicato`
--

CREATE TABLE IF NOT EXISTS `nomina_tipo_sindicato` (
  `id` bigint(20) unsigned NOT NULL AUTO_INCREMENT,
  `tipo_sindicato` bigint(20) unsigned NOT NULL,
  `id_nomina` bigint(20) unsigned NOT NULL,
  `cod_convencion_nomina` bigint(20) unsigned NOT NULL,
  UNIQUE KEY `id` (`id`),
  KEY `tipo_sindicato` (`tipo_sindicato`,`id_nomina`,`cod_convencion_nomina`),
  KEY `id_nomina` (`id_nomina`),
  KEY `cod_convencion_nomina` (`cod_convencion_nomina`)
) ENGINE=InnoDB  DEFAULT CHARSET=utf8 AUTO_INCREMENT=213 ;

--
-- Volcado de datos para la tabla `nomina_tipo_sindicato`
--

INSERT INTO `nomina_tipo_sindicato` (`id`, `tipo_sindicato`, `id_nomina`, `cod_convencion_nomina`) VALUES
(163, 1, 102, 8),
(164, 1, 103, 8),
(165, 1, 104, 8),
(166, 1, 105, 8),
(167, 1, 106, 8),
(168, 1, 107, 8),
(169, 1, 108, 8),
(170, 1, 109, 8),
(171, 1, 110, 8),
(172, 1, 111, 8),
(173, 1, 112, 8),
(174, 1, 113, 8),
(175, 1, 114, 8),
(176, 1, 115, 8),
(177, 1, 116, 8),
(178, 1, 117, 8),
(179, 1, 118, 8),
(180, 1, 119, 8),
(181, 1, 120, 8),
(182, 1, 121, 8),
(183, 1, 122, 8),
(184, 1, 123, 8),
(185, 1, 124, 8),
(186, 1, 125, 8),
(187, 1, 126, 8),
(188, 1, 127, 8),
(189, 1, 128, 8),
(190, 1, 129, 8),
(191, 1, 130, 8),
(192, 1, 131, 8),
(193, 1, 132, 8),
(194, 1, 133, 8),
(195, 1, 134, 8),
(196, 1, 135, 8),
(197, 1, 136, 8),
(198, 1, 137, 8),
(199, 1, 138, 8),
(200, 1, 139, 8),
(201, 1, 140, 8),
(202, 1, 141, 8),
(203, 1, 142, 8),
(204, 1, 143, 8),
(205, 1, 144, 8),
(206, 1, 145, 8),
(207, 1, 146, 8),
(208, 1, 147, 8),
(209, 1, 148, 8),
(210, 1, 149, 8),
(211, 1, 150, 8),
(212, 1, 151, 8);

-- --------------------------------------------------------

--
-- Estructura de tabla para la tabla `parroquias`
--

CREATE TABLE IF NOT EXISTS `parroquias` (
  `id_parroquia` int(11) NOT NULL AUTO_INCREMENT,
  `id_municipio` int(11) NOT NULL,
  `parroquia` varchar(250) NOT NULL,
  PRIMARY KEY (`id_parroquia`),
  KEY `id_municipio` (`id_municipio`)
) ENGINE=InnoDB  DEFAULT CHARSET=utf8 AUTO_INCREMENT=1139 ;

--
-- Volcado de datos para la tabla `parroquias`
--

INSERT INTO `parroquias` (`id_parroquia`, `id_municipio`, `parroquia`) VALUES
(1, 1, 'Alto Orinoco'),
(2, 1, 'Huachamacare Acanaña'),
(3, 1, 'Marawaka Toky Shamanaña'),
(4, 1, 'Mavaka Mavaka'),
(5, 1, 'Sierra Parima Parimabé'),
(6, 2, 'Ucata Laja Lisa'),
(7, 2, 'Yapacana Macuruco'),
(8, 2, 'Caname Guarinuma'),
(9, 3, 'Fernando Girón Tovar'),
(10, 3, 'Luis Alberto Gómez'),
(11, 3, 'Pahueña Limón de Parhueña'),
(12, 3, 'Platanillal Platanillal'),
(13, 4, 'Samariapo'),
(14, 4, 'Sipapo'),
(15, 4, 'Munduapo'),
(16, 4, 'Guayapo'),
(17, 5, 'Alto Ventuari'),
(18, 5, 'Medio Ventuari'),
(19, 5, 'Bajo Ventuari'),
(20, 6, 'Victorino'),
(21, 6, 'Comunidad'),
(22, 7, 'Casiquiare'),
(23, 7, 'Cocuy'),
(24, 7, 'San Carlos de Río Negro'),
(25, 7, 'Solano'),
(26, 8, 'Anaco'),
(27, 8, 'San Joaquín'),
(28, 9, 'Cachipo'),
(29, 9, 'Aragua de Barcelona'),
(30, 11, 'Lechería'),
(31, 11, 'El Morro'),
(32, 12, 'Puerto Píritu'),
(33, 12, 'San Miguel'),
(34, 12, 'Sucre'),
(35, 13, 'Valle de Guanape'),
(36, 13, 'Santa Bárbara'),
(37, 14, 'El Chaparro'),
(38, 14, 'Tomás Alfaro'),
(39, 14, 'Calatrava'),
(40, 15, 'Guanta'),
(41, 15, 'Chorrerón'),
(42, 16, 'Mamo'),
(43, 16, 'Soledad'),
(44, 17, 'Mapire'),
(45, 17, 'Piar'),
(46, 17, 'Santa Clara'),
(47, 17, 'San Diego de Cabrutica'),
(48, 17, 'Uverito'),
(49, 17, 'Zuata'),
(50, 18, 'Puerto La Cruz'),
(51, 18, 'Pozuelos'),
(52, 19, 'Onoto'),
(53, 19, 'San Pablo'),
(54, 20, 'San Mateo'),
(55, 20, 'El Carito'),
(56, 20, 'Santa Inés'),
(57, 20, 'La Romereña'),
(58, 21, 'Atapirire'),
(59, 21, 'Boca del Pao'),
(60, 21, 'El Pao'),
(61, 21, 'Pariaguán'),
(62, 22, 'Cantaura'),
(63, 22, 'Libertador'),
(64, 22, 'Santa Rosa'),
(65, 22, 'Urica'),
(66, 23, 'Píritu'),
(67, 23, 'San Francisco'),
(68, 24, 'San José de Guanipa'),
(69, 25, 'Boca de Uchire'),
(70, 25, 'Boca de Chávez'),
(71, 26, 'Pueblo Nuevo'),
(72, 26, 'Santa Ana'),
(73, 27, 'Bergatín'),
(74, 27, 'Caigua'),
(75, 27, 'El Carmen'),
(76, 27, 'El Pilar'),
(77, 27, 'Naricual'),
(78, 27, 'San Crsitóbal'),
(79, 28, 'Edmundo Barrios'),
(80, 28, 'Miguel Otero Silva'),
(81, 29, 'Achaguas'),
(82, 29, 'Apurito'),
(83, 29, 'El Yagual'),
(84, 29, 'Guachara'),
(85, 29, 'Mucuritas'),
(86, 29, 'Queseras del medio'),
(87, 30, 'Biruaca'),
(88, 31, 'Bruzual'),
(89, 31, 'Mantecal'),
(90, 31, 'Quintero'),
(91, 31, 'Rincón Hondo'),
(92, 31, 'San Vicente'),
(93, 32, 'Guasdualito'),
(94, 32, 'Aramendi'),
(95, 32, 'El Amparo'),
(96, 32, 'San Camilo'),
(97, 32, 'Urdaneta'),
(98, 33, 'San Juan de Payara'),
(99, 33, 'Codazzi'),
(100, 33, 'Cunaviche'),
(101, 34, 'Elorza'),
(102, 34, 'La Trinidad'),
(103, 35, 'San Fernando'),
(104, 35, 'El Recreo'),
(105, 35, 'Peñalver'),
(106, 35, 'San Rafael de Atamaica'),
(107, 36, 'Pedro José Ovalles'),
(108, 36, 'Joaquín Crespo'),
(109, 36, 'José Casanova Godoy'),
(110, 36, 'Madre María de San José'),
(111, 36, 'Andrés Eloy Blanco'),
(112, 36, 'Los Tacarigua'),
(113, 36, 'Las Delicias'),
(114, 36, 'Choroní'),
(115, 37, 'Bolívar'),
(116, 38, 'Camatagua'),
(117, 38, 'Carmen de Cura'),
(118, 39, 'Santa Rita'),
(119, 39, 'Francisco de Miranda'),
(120, 39, 'Moseñor Feliciano González'),
(121, 40, 'Santa Cruz'),
(122, 41, 'José Félix Ribas'),
(123, 41, 'Castor Nieves Ríos'),
(124, 41, 'Las Guacamayas'),
(125, 41, 'Pao de Zárate'),
(126, 41, 'Zuata'),
(127, 42, 'José Rafael Revenga'),
(128, 43, 'Palo Negro'),
(129, 43, 'San Martín de Porres'),
(130, 44, 'El Limón'),
(131, 44, 'Caña de Azúcar'),
(132, 45, 'Ocumare de la Costa'),
(133, 46, 'San Casimiro'),
(134, 46, 'Güiripa'),
(135, 46, 'Ollas de Caramacate'),
(136, 46, 'Valle Morín'),
(137, 47, 'San Sebastían'),
(138, 48, 'Turmero'),
(139, 48, 'Arevalo Aponte'),
(140, 48, 'Chuao'),
(141, 48, 'Samán de Güere'),
(142, 48, 'Alfredo Pacheco Miranda'),
(143, 49, 'Santos Michelena'),
(144, 49, 'Tiara'),
(145, 50, 'Cagua'),
(146, 50, 'Bella Vista'),
(147, 51, 'Tovar'),
(148, 52, 'Urdaneta'),
(149, 52, 'Las Peñitas'),
(150, 52, 'San Francisco de Cara'),
(151, 52, 'Taguay'),
(152, 53, 'Zamora'),
(153, 53, 'Magdaleno'),
(154, 53, 'San Francisco de Asís'),
(155, 53, 'Valles de Tucutunemo'),
(156, 53, 'Augusto Mijares'),
(157, 54, 'Sabaneta'),
(158, 54, 'Juan Antonio Rodríguez Domínguez'),
(159, 55, 'El Cantón'),
(160, 55, 'Santa Cruz de Guacas'),
(161, 55, 'Puerto Vivas'),
(162, 56, 'Ticoporo'),
(163, 56, 'Nicolás Pulido'),
(164, 56, 'Andrés Bello'),
(165, 57, 'Arismendi'),
(166, 57, 'Guadarrama'),
(167, 57, 'La Unión'),
(168, 57, 'San Antonio'),
(169, 58, 'Barinas'),
(170, 58, 'Alberto Arvelo Larriva'),
(171, 58, 'San Silvestre'),
(172, 58, 'Santa Inés'),
(173, 58, 'Santa Lucía'),
(174, 58, 'Torumos'),
(175, 58, 'El Carmen'),
(176, 58, 'Rómulo Betancourt'),
(177, 58, 'Corazón de Jesús'),
(178, 58, 'Ramón Ignacio Méndez'),
(179, 58, 'Alto Barinas'),
(180, 58, 'Manuel Palacio Fajardo'),
(181, 58, 'Juan Antonio Rodríguez Domínguez'),
(182, 58, 'Dominga Ortiz de Páez'),
(183, 59, 'Barinitas'),
(184, 59, 'Altamira de Cáceres'),
(185, 59, 'Calderas'),
(186, 60, 'Barrancas'),
(187, 60, 'El Socorro'),
(188, 60, 'Mazparrito'),
(189, 61, 'Santa Bárbara'),
(190, 61, 'Pedro Briceño Méndez'),
(191, 61, 'Ramón Ignacio Méndez'),
(192, 61, 'José Ignacio del Pumar'),
(193, 62, 'Obispos'),
(194, 62, 'Guasimitos'),
(195, 62, 'El Real'),
(196, 62, 'La Luz'),
(197, 63, 'Ciudad Bolívia'),
(198, 63, 'José Ignacio Briceño'),
(199, 63, 'José Félix Ribas'),
(200, 63, 'Páez'),
(201, 64, 'Libertad'),
(202, 64, 'Dolores'),
(203, 64, 'Santa Rosa'),
(204, 64, 'Palacio Fajardo'),
(205, 65, 'Ciudad de Nutrias'),
(206, 65, 'El Regalo'),
(207, 65, 'Puerto Nutrias'),
(208, 65, 'Santa Catalina'),
(209, 66, 'Cachamay'),
(210, 66, 'Chirica'),
(211, 66, 'Dalla Costa'),
(212, 66, 'Once de Abril'),
(213, 66, 'Simón Bolívar'),
(214, 66, 'Unare'),
(215, 66, 'Universidad'),
(216, 66, 'Vista al Sol'),
(217, 66, 'Pozo Verde'),
(218, 66, 'Yocoima'),
(219, 66, '5 de Julio'),
(220, 67, 'Cedeño'),
(221, 67, 'Altagracia'),
(222, 67, 'Ascensión Farreras'),
(223, 67, 'Guaniamo'),
(224, 67, 'La Urbana'),
(225, 67, 'Pijiguaos'),
(226, 68, 'El Callao'),
(227, 69, 'Gran Sabana'),
(228, 69, 'Ikabarú'),
(229, 70, 'Catedral'),
(230, 70, 'Zea'),
(231, 70, 'Orinoco'),
(232, 70, 'José Antonio Páez'),
(233, 70, 'Marhuanta'),
(234, 70, 'Agua Salada'),
(235, 70, 'Vista Hermosa'),
(236, 70, 'La Sabanita'),
(237, 70, 'Panapana'),
(238, 71, 'Andrés Eloy Blanco'),
(239, 71, 'Pedro Cova'),
(240, 72, 'Raúl Leoni'),
(241, 72, 'Barceloneta'),
(242, 72, 'Santa Bárbara'),
(243, 72, 'San Francisco'),
(244, 73, 'Roscio'),
(245, 73, 'Salóm'),
(246, 74, 'Sifontes'),
(247, 74, 'Dalla Costa'),
(248, 74, 'San Isidro'),
(249, 75, 'Sucre'),
(250, 75, 'Aripao'),
(251, 75, 'Guarataro'),
(252, 75, 'Las Majadas'),
(253, 75, 'Moitaco'),
(254, 76, 'Padre Pedro Chien'),
(255, 76, 'Río Grande'),
(256, 77, 'Bejuma'),
(257, 77, 'Canoabo'),
(258, 77, 'Simón Bolívar'),
(259, 78, 'Güigüe'),
(260, 78, 'Carabobo'),
(261, 78, 'Tacarigua'),
(262, 79, 'Mariara'),
(263, 79, 'Aguas Calientes'),
(264, 80, 'Ciudad Alianza'),
(265, 80, 'Guacara'),
(266, 80, 'Yagua'),
(267, 81, 'Morón'),
(268, 81, 'Yagua'),
(269, 82, 'Tocuyito'),
(270, 82, 'Independencia'),
(271, 83, 'Los Guayos'),
(272, 84, 'Miranda'),
(273, 85, 'Montalbán'),
(274, 86, 'Naguanagua'),
(275, 87, 'Bartolomé Salóm'),
(276, 87, 'Democracia'),
(277, 87, 'Fraternidad'),
(278, 87, 'Goaigoaza'),
(279, 87, 'Juan José Flores'),
(280, 87, 'Unión'),
(281, 87, 'Borburata'),
(282, 87, 'Patanemo'),
(283, 88, 'San Diego'),
(284, 89, 'San Joaquín'),
(285, 90, 'Candelaria'),
(286, 90, 'Catedral'),
(287, 90, 'El Socorro'),
(288, 90, 'Miguel Peña'),
(289, 90, 'Rafael Urdaneta'),
(290, 90, 'San Blas'),
(291, 90, 'San José'),
(292, 90, 'Santa Rosa'),
(293, 90, 'Negro Primero'),
(294, 91, 'Cojedes'),
(295, 91, 'Juan de Mata Suárez'),
(296, 92, 'Tinaquillo'),
(297, 93, 'El Baúl'),
(298, 93, 'Sucre'),
(299, 94, 'La Aguadita'),
(300, 94, 'Macapo'),
(301, 95, 'El Pao'),
(302, 96, 'El Amparo'),
(303, 96, 'Libertad de Cojedes'),
(304, 97, 'Rómulo Gallegos'),
(305, 98, 'San Carlos de Austria'),
(306, 98, 'Juan Ángel Bravo'),
(307, 98, 'Manuel Manrique'),
(308, 99, 'General en Jefe José Laurencio Silva'),
(309, 100, 'Curiapo'),
(310, 100, 'Almirante Luis Brión'),
(311, 100, 'Francisco Aniceto Lugo'),
(312, 100, 'Manuel Renaud'),
(313, 100, 'Padre Barral'),
(314, 100, 'Santos de Abelgas'),
(315, 101, 'Imataca'),
(316, 101, 'Cinco de Julio'),
(317, 101, 'Juan Bautista Arismendi'),
(318, 101, 'Manuel Piar'),
(319, 101, 'Rómulo Gallegos'),
(320, 102, 'Pedernales'),
(321, 102, 'Luis Beltrán Prieto Figueroa'),
(322, 103, 'San José (Delta Amacuro)'),
(323, 103, 'José Vidal Marcano'),
(324, 103, 'Juan Millán'),
(325, 103, 'Leonardo Ruíz Pineda'),
(326, 103, 'Mariscal Antonio José de Sucre'),
(327, 103, 'Monseñor Argimiro García'),
(328, 103, 'San Rafael (Delta Amacuro)'),
(329, 103, 'Virgen del Valle'),
(330, 10, 'Clarines'),
(331, 10, 'Guanape'),
(332, 10, 'Sabana de Uchire'),
(333, 104, 'Capadare'),
(334, 104, 'La Pastora'),
(335, 104, 'Libertador'),
(336, 104, 'San Juan de los Cayos'),
(337, 105, 'Aracua'),
(338, 105, 'La Peña'),
(339, 105, 'San Luis'),
(340, 106, 'Bariro'),
(341, 106, 'Borojó'),
(342, 106, 'Capatárida'),
(343, 106, 'Guajiro'),
(344, 106, 'Seque'),
(345, 106, 'Zazárida'),
(346, 106, 'Valle de Eroa'),
(347, 107, 'Cacique Manaure'),
(348, 108, 'Norte'),
(349, 108, 'Carirubana'),
(350, 108, 'Santa Ana'),
(351, 108, 'Urbana Punta Cardón'),
(352, 109, 'La Vela de Coro'),
(353, 109, 'Acurigua'),
(354, 109, 'Guaibacoa'),
(355, 109, 'Las Calderas'),
(356, 109, 'Macoruca'),
(357, 110, 'Dabajuro'),
(358, 111, 'Agua Clara'),
(359, 111, 'Avaria'),
(360, 111, 'Pedregal'),
(361, 111, 'Piedra Grande'),
(362, 111, 'Purureche'),
(363, 112, 'Adaure'),
(364, 112, 'Adícora'),
(365, 112, 'Baraived'),
(366, 112, 'Buena Vista'),
(367, 112, 'Jadacaquiva'),
(368, 112, 'El Vínculo'),
(369, 112, 'El Hato'),
(370, 112, 'Moruy'),
(371, 112, 'Pueblo Nuevo'),
(372, 113, 'Agua Larga'),
(373, 113, 'El Paují'),
(374, 113, 'Independencia'),
(375, 113, 'Mapararí'),
(376, 114, 'Agua Linda'),
(377, 114, 'Araurima'),
(378, 114, 'Jacura'),
(379, 115, 'Tucacas'),
(380, 115, 'Boca de Aroa'),
(381, 116, 'Los Taques'),
(382, 116, 'Judibana'),
(383, 117, 'Mene de Mauroa'),
(384, 117, 'San Félix'),
(385, 117, 'Casigua'),
(386, 118, 'Guzmán Guillermo'),
(387, 118, 'Mitare'),
(388, 118, 'Río Seco'),
(389, 118, 'Sabaneta'),
(390, 118, 'San Antonio'),
(391, 118, 'San Gabriel'),
(392, 118, 'Santa Ana'),
(393, 119, 'Boca del Tocuyo'),
(394, 119, 'Chichiriviche'),
(395, 119, 'Tocuyo de la Costa'),
(396, 120, 'Palmasola'),
(397, 121, 'Cabure'),
(398, 121, 'Colina'),
(399, 121, 'Curimagua'),
(400, 122, 'San José de la Costa'),
(401, 122, 'Píritu'),
(402, 123, 'San Francisco'),
(403, 124, 'Sucre'),
(404, 124, 'Pecaya'),
(405, 125, 'Tocópero'),
(406, 126, 'El Charal'),
(407, 126, 'Las Vegas del Tuy'),
(408, 126, 'Santa Cruz de Bucaral'),
(409, 127, 'Bruzual'),
(410, 127, 'Urumaco'),
(411, 128, 'Puerto Cumarebo'),
(412, 128, 'La Ciénaga'),
(413, 128, 'La Soledad'),
(414, 128, 'Pueblo Cumarebo'),
(415, 128, 'Zazárida'),
(416, 113, 'Churuguara'),
(417, 129, 'Camaguán'),
(418, 129, 'Puerto Miranda'),
(419, 129, 'Uverito'),
(420, 130, 'Chaguaramas'),
(421, 131, 'El Socorro'),
(422, 132, 'Tucupido'),
(423, 132, 'San Rafael de Laya'),
(424, 133, 'Altagracia de Orituco'),
(425, 133, 'San Rafael de Orituco'),
(426, 133, 'San Francisco Javier de Lezama'),
(427, 133, 'Paso Real de Macaira'),
(428, 133, 'Carlos Soublette'),
(429, 133, 'San Francisco de Macaira'),
(430, 133, 'Libertad de Orituco'),
(431, 134, 'Cantaclaro'),
(432, 134, 'San Juan de los Morros'),
(433, 134, 'Parapara'),
(434, 135, 'El Sombrero'),
(435, 135, 'Sosa'),
(436, 136, 'Las Mercedes'),
(437, 136, 'Cabruta'),
(438, 136, 'Santa Rita de Manapire'),
(439, 137, 'Valle de la Pascua'),
(440, 137, 'Espino'),
(441, 138, 'San José de Unare'),
(442, 138, 'Zaraza'),
(443, 139, 'San José de Tiznados'),
(444, 139, 'San Francisco de Tiznados'),
(445, 139, 'San Lorenzo de Tiznados'),
(446, 139, 'Ortiz'),
(447, 140, 'Guayabal'),
(448, 140, 'Cazorla'),
(449, 141, 'San José de Guaribe'),
(450, 141, 'Uveral'),
(451, 142, 'Santa María de Ipire'),
(452, 142, 'Altamira'),
(453, 143, 'El Calvario'),
(454, 143, 'El Rastro'),
(455, 143, 'Guardatinajas'),
(456, 143, 'Capital Urbana Calabozo'),
(457, 144, 'Quebrada Honda de Guache'),
(458, 144, 'Pío Tamayo'),
(459, 144, 'Yacambú'),
(460, 145, 'Fréitez'),
(461, 145, 'José María Blanco'),
(462, 146, 'Catedral'),
(463, 146, 'Concepción'),
(464, 146, 'El Cují'),
(465, 146, 'Juan de Villegas'),
(466, 146, 'Santa Rosa'),
(467, 146, 'Tamaca'),
(468, 146, 'Unión'),
(469, 146, 'Aguedo Felipe Alvarado'),
(470, 146, 'Buena Vista'),
(471, 146, 'Juárez'),
(472, 147, 'Juan Bautista Rodríguez'),
(473, 147, 'Cuara'),
(474, 147, 'Diego de Lozada'),
(475, 147, 'Paraíso de San José'),
(476, 147, 'San Miguel'),
(477, 147, 'Tintorero'),
(478, 147, 'José Bernardo Dorante'),
(479, 147, 'Coronel Mariano Peraza '),
(480, 148, 'Bolívar'),
(481, 148, 'Anzoátegui'),
(482, 148, 'Guarico'),
(483, 148, 'Hilario Luna y Luna'),
(484, 148, 'Humocaro Alto'),
(485, 148, 'Humocaro Bajo'),
(486, 148, 'La Candelaria'),
(487, 148, 'Morán'),
(488, 149, 'Cabudare'),
(489, 149, 'José Gregorio Bastidas'),
(490, 149, 'Agua Viva'),
(491, 150, 'Sarare'),
(492, 150, 'Buría'),
(493, 150, 'Gustavo Vegas León'),
(494, 151, 'Trinidad Samuel'),
(495, 151, 'Antonio Díaz'),
(496, 151, 'Camacaro'),
(497, 151, 'Castañeda'),
(498, 151, 'Cecilio Zubillaga'),
(499, 151, 'Chiquinquirá'),
(500, 151, 'El Blanco'),
(501, 151, 'Espinoza de los Monteros'),
(502, 151, 'Lara'),
(503, 151, 'Las Mercedes'),
(504, 151, 'Manuel Morillo'),
(505, 151, 'Montaña Verde'),
(506, 151, 'Montes de Oca'),
(507, 151, 'Torres'),
(508, 151, 'Heriberto Arroyo'),
(509, 151, 'Reyes Vargas'),
(510, 151, 'Altagracia'),
(511, 152, 'Siquisique'),
(512, 152, 'Moroturo'),
(513, 152, 'San Miguel'),
(514, 152, 'Xaguas'),
(515, 179, 'Presidente Betancourt'),
(516, 179, 'Presidente Páez'),
(517, 179, 'Presidente Rómulo Gallegos'),
(518, 179, 'Gabriel Picón González'),
(519, 179, 'Héctor Amable Mora'),
(520, 179, 'José Nucete Sardi'),
(521, 179, 'Pulido Méndez'),
(522, 180, 'La Azulita'),
(523, 181, 'Santa Cruz de Mora'),
(524, 181, 'Mesa Bolívar'),
(525, 181, 'Mesa de Las Palmas'),
(526, 182, 'Aricagua'),
(527, 182, 'San Antonio'),
(528, 183, 'Canagua'),
(529, 183, 'Capurí'),
(530, 183, 'Chacantá'),
(531, 183, 'El Molino'),
(532, 183, 'Guaimaral'),
(533, 183, 'Mucutuy'),
(534, 183, 'Mucuchachí'),
(535, 184, 'Fernández Peña'),
(536, 184, 'Matriz'),
(537, 184, 'Montalbán'),
(538, 184, 'Acequias'),
(539, 184, 'Jají'),
(540, 184, 'La Mesa'),
(541, 184, 'San José del Sur'),
(542, 185, 'Tucaní'),
(543, 185, 'Florencio Ramírez'),
(544, 186, 'Santo Domingo'),
(545, 186, 'Las Piedras'),
(546, 187, 'Guaraque'),
(547, 187, 'Mesa de Quintero'),
(548, 187, 'Río Negro'),
(549, 188, 'Arapuey'),
(550, 188, 'Palmira'),
(551, 189, 'San Cristóbal de Torondoy'),
(552, 189, 'Torondoy'),
(553, 190, 'Antonio Spinetti Dini'),
(554, 190, 'Arias'),
(555, 190, 'Caracciolo Parra Pérez'),
(556, 190, 'Domingo Peña'),
(557, 190, 'El Llano'),
(558, 190, 'Gonzalo Picón Febres'),
(559, 190, 'Jacinto Plaza'),
(560, 190, 'Juan Rodríguez Suárez'),
(561, 190, 'Lasso de la Vega'),
(562, 190, 'Mariano Picón Salas'),
(563, 190, 'Milla'),
(564, 190, 'Osuna Rodríguez'),
(565, 190, 'Sagrario'),
(566, 190, 'El Morro'),
(567, 190, 'Los Nevados'),
(568, 191, 'Andrés Eloy Blanco'),
(569, 191, 'La Venta'),
(570, 191, 'Piñango'),
(571, 191, 'Timotes'),
(572, 192, 'Eloy Paredes'),
(573, 192, 'San Rafael de Alcázar'),
(574, 192, 'Santa Elena de Arenales'),
(575, 193, 'Santa María de Caparo'),
(576, 194, 'Pueblo Llano'),
(577, 195, 'Cacute'),
(578, 195, 'La Toma'),
(579, 195, 'Mucuchíes'),
(580, 195, 'Mucurubá'),
(581, 195, 'San Rafael'),
(582, 196, 'Gerónimo Maldonado'),
(583, 196, 'Bailadores'),
(584, 197, 'Tabay'),
(585, 198, 'Chiguará'),
(586, 198, 'Estánquez'),
(587, 198, 'Lagunillas'),
(588, 198, 'La Trampa'),
(589, 198, 'Pueblo Nuevo del Sur'),
(590, 198, 'San Juan'),
(591, 199, 'El Amparo'),
(592, 199, 'El Llano'),
(593, 199, 'San Francisco'),
(594, 199, 'Tovar'),
(595, 200, 'Independencia'),
(596, 200, 'María de la Concepción Palacios Blanco'),
(597, 200, 'Nueva Bolivia'),
(598, 200, 'Santa Apolonia'),
(599, 201, 'Caño El Tigre'),
(600, 201, 'Zea'),
(601, 223, 'Aragüita'),
(602, 223, 'Arévalo González'),
(603, 223, 'Capaya'),
(604, 223, 'Caucagua'),
(605, 223, 'Panaquire'),
(606, 223, 'Ribas'),
(607, 223, 'El Café'),
(608, 223, 'Marizapa'),
(609, 224, 'Cumbo'),
(610, 224, 'San José de Barlovento'),
(611, 225, 'El Cafetal'),
(612, 225, 'Las Minas'),
(613, 225, 'Nuestra Señora del Rosario'),
(614, 226, 'Higuerote'),
(615, 226, 'Curiepe'),
(616, 226, 'Tacarigua de Brión'),
(617, 227, 'Mamporal'),
(618, 228, 'Carrizal'),
(619, 229, 'Chacao'),
(620, 230, 'Charallave'),
(621, 230, 'Las Brisas'),
(622, 231, 'El Hatillo'),
(623, 232, 'Altagracia de la Montaña'),
(624, 232, 'Cecilio Acosta'),
(625, 232, 'Los Teques'),
(626, 232, 'El Jarillo'),
(627, 232, 'San Pedro'),
(628, 232, 'Tácata'),
(629, 232, 'Paracotos'),
(630, 233, 'Cartanal'),
(631, 233, 'Santa Teresa del Tuy'),
(632, 234, 'La Democracia'),
(633, 234, 'Ocumare del Tuy'),
(634, 234, 'Santa Bárbara'),
(635, 235, 'San Antonio de los Altos'),
(636, 236, 'Río Chico'),
(637, 236, 'El Guapo'),
(638, 236, 'Tacarigua de la Laguna'),
(639, 236, 'Paparo'),
(640, 236, 'San Fernando del Guapo'),
(641, 237, 'Santa Lucía del Tuy'),
(642, 238, 'Cúpira'),
(643, 238, 'Machurucuto'),
(644, 239, 'Guarenas'),
(645, 240, 'San Antonio de Yare'),
(646, 240, 'San Francisco de Yare'),
(647, 241, 'Leoncio Martínez'),
(648, 241, 'Petare'),
(649, 241, 'Caucagüita'),
(650, 241, 'Filas de Mariche'),
(651, 241, 'La Dolorita'),
(652, 242, 'Cúa'),
(653, 242, 'Nueva Cúa'),
(654, 243, 'Guatire'),
(655, 243, 'Bolívar'),
(656, 258, 'San Antonio de Maturín'),
(657, 258, 'San Francisco de Maturín'),
(658, 259, 'Aguasay'),
(659, 260, 'Caripito'),
(660, 261, 'El Guácharo'),
(661, 261, 'La Guanota'),
(662, 261, 'Sabana de Piedra'),
(663, 261, 'San Agustín'),
(664, 261, 'Teresen'),
(665, 261, 'Caripe'),
(666, 262, 'Areo'),
(667, 262, 'Capital Cedeño'),
(668, 262, 'San Félix de Cantalicio'),
(669, 262, 'Viento Fresco'),
(670, 263, 'El Tejero'),
(671, 263, 'Punta de Mata'),
(672, 264, 'Chaguaramas'),
(673, 264, 'Las Alhuacas'),
(674, 264, 'Tabasca'),
(675, 264, 'Temblador'),
(676, 265, 'Alto de los Godos'),
(677, 265, 'Boquerón'),
(678, 265, 'Las Cocuizas'),
(679, 265, 'La Cruz'),
(680, 265, 'San Simón'),
(681, 265, 'El Corozo'),
(682, 265, 'El Furrial'),
(683, 265, 'Jusepín'),
(684, 265, 'La Pica'),
(685, 265, 'San Vicente'),
(686, 266, 'Aparicio'),
(687, 266, 'Aragua de Maturín'),
(688, 266, 'Chaguamal'),
(689, 266, 'El Pinto'),
(690, 266, 'Guanaguana'),
(691, 266, 'La Toscana'),
(692, 266, 'Taguaya'),
(693, 267, 'Cachipo'),
(694, 267, 'Quiriquire'),
(695, 268, 'Santa Bárbara'),
(696, 269, 'Barrancas'),
(697, 269, 'Los Barrancos de Fajardo'),
(698, 270, 'Uracoa'),
(699, 271, 'Antolín del Campo'),
(700, 272, 'Arismendi'),
(701, 273, 'García'),
(702, 273, 'Francisco Fajardo'),
(703, 274, 'Bolívar'),
(704, 274, 'Guevara'),
(705, 274, 'Matasiete'),
(706, 274, 'Santa Ana'),
(707, 274, 'Sucre'),
(708, 275, 'Aguirre'),
(709, 275, 'Maneiro'),
(710, 276, 'Adrián'),
(711, 276, 'Juan Griego'),
(712, 276, 'Yaguaraparo'),
(713, 277, 'Porlamar'),
(714, 278, 'San Francisco de Macanao'),
(715, 278, 'Boca de Río'),
(716, 279, 'Tubores'),
(717, 279, 'Los Baleales'),
(718, 280, 'Vicente Fuentes'),
(719, 280, 'Villalba'),
(720, 281, 'San Juan Bautista'),
(721, 281, 'Zabala'),
(722, 283, 'Capital Araure'),
(723, 283, 'Río Acarigua'),
(724, 284, 'Capital Esteller'),
(725, 284, 'Uveral'),
(726, 285, 'Guanare'),
(727, 285, 'Córdoba'),
(728, 285, 'San José de la Montaña'),
(729, 285, 'San Juan de Guanaguanare'),
(730, 285, 'Virgen de la Coromoto'),
(731, 286, 'Guanarito'),
(732, 286, 'Trinidad de la Capilla'),
(733, 286, 'Divina Pastora'),
(734, 287, 'Monseñor José Vicente de Unda'),
(735, 287, 'Peña Blanca'),
(736, 288, 'Capital Ospino'),
(737, 288, 'Aparición'),
(738, 288, 'La Estación'),
(739, 289, 'Páez'),
(740, 289, 'Payara'),
(741, 289, 'Pimpinela'),
(742, 289, 'Ramón Peraza'),
(743, 290, 'Papelón'),
(744, 290, 'Caño Delgadito'),
(745, 291, 'San Genaro de Boconoito'),
(746, 291, 'Antolín Tovar'),
(747, 292, 'San Rafael de Onoto'),
(748, 292, 'Santa Fe'),
(749, 292, 'Thermo Morles'),
(750, 293, 'Santa Rosalía'),
(751, 293, 'Florida'),
(752, 294, 'Sucre'),
(753, 294, 'Concepción'),
(754, 294, 'San Rafael de Palo Alzado'),
(755, 294, 'Uvencio Antonio Velásquez'),
(756, 294, 'San José de Saguaz'),
(757, 294, 'Villa Rosa'),
(758, 295, 'Turén'),
(759, 295, 'Canelones'),
(760, 295, 'Santa Cruz'),
(761, 295, 'San Isidro Labrador'),
(762, 296, 'Mariño'),
(763, 296, 'Rómulo Gallegos'),
(764, 297, 'San José de Aerocuar'),
(765, 297, 'Tavera Acosta'),
(766, 298, 'Río Caribe'),
(767, 298, 'Antonio José de Sucre'),
(768, 298, 'El Morro de Puerto Santo'),
(769, 298, 'Puerto Santo'),
(770, 298, 'San Juan de las Galdonas'),
(771, 299, 'El Pilar'),
(772, 299, 'El Rincón'),
(773, 299, 'General Francisco Antonio Váquez'),
(774, 299, 'Guaraúnos'),
(775, 299, 'Tunapuicito'),
(776, 299, 'Unión'),
(777, 300, 'Santa Catalina'),
(778, 300, 'Santa Rosa'),
(779, 300, 'Santa Teresa'),
(780, 300, 'Bolívar'),
(781, 300, 'Maracapana'),
(782, 302, 'Libertad'),
(783, 302, 'El Paujil'),
(784, 302, 'Yaguaraparo'),
(785, 303, 'Cruz Salmerón Acosta'),
(786, 303, 'Chacopata'),
(787, 303, 'Manicuare'),
(788, 304, 'Tunapuy'),
(789, 304, 'Campo Elías'),
(790, 305, 'Irapa'),
(791, 305, 'Campo Claro'),
(792, 305, 'Maraval'),
(793, 305, 'San Antonio de Irapa'),
(794, 305, 'Soro'),
(795, 306, 'Mejía'),
(796, 307, 'Cumanacoa'),
(797, 307, 'Arenas'),
(798, 307, 'Aricagua'),
(799, 307, 'Cogollar'),
(800, 307, 'San Fernando'),
(801, 307, 'San Lorenzo'),
(802, 308, 'Villa Frontado (Muelle de Cariaco)'),
(803, 308, 'Catuaro'),
(804, 308, 'Rendón'),
(805, 308, 'San Cruz'),
(806, 308, 'Santa María'),
(807, 309, 'Altagracia'),
(808, 309, 'Santa Inés'),
(809, 309, 'Valentín Valiente'),
(810, 309, 'Ayacucho'),
(811, 309, 'San Juan'),
(812, 309, 'Raúl Leoni'),
(813, 309, 'Gran Mariscal'),
(814, 310, 'Cristóbal Colón'),
(815, 310, 'Bideau'),
(816, 310, 'Punta de Piedras'),
(817, 310, 'Güiria'),
(818, 341, 'Andrés Bello'),
(819, 342, 'Antonio Rómulo Costa'),
(820, 343, 'Ayacucho'),
(821, 343, 'Rivas Berti'),
(822, 343, 'San Pedro del Río'),
(823, 344, 'Bolívar'),
(824, 344, 'Palotal'),
(825, 344, 'General Juan Vicente Gómez'),
(826, 344, 'Isaías Medina Angarita'),
(827, 345, 'Cárdenas'),
(828, 345, 'Amenodoro Ángel Lamus'),
(829, 345, 'La Florida'),
(830, 346, 'Córdoba'),
(831, 347, 'Fernández Feo'),
(832, 347, 'Alberto Adriani'),
(833, 347, 'Santo Domingo'),
(834, 348, 'Francisco de Miranda'),
(835, 349, 'García de Hevia'),
(836, 349, 'Boca de Grita'),
(837, 349, 'José Antonio Páez'),
(838, 350, 'Guásimos'),
(839, 351, 'Independencia'),
(840, 351, 'Juan Germán Roscio'),
(841, 351, 'Román Cárdenas'),
(842, 352, 'Jáuregui'),
(843, 352, 'Emilio Constantino Guerrero'),
(844, 352, 'Monseñor Miguel Antonio Salas'),
(845, 353, 'José María Vargas'),
(846, 354, 'Junín'),
(847, 354, 'La Petrólea'),
(848, 354, 'Quinimarí'),
(849, 354, 'Bramón'),
(850, 355, 'Libertad'),
(851, 355, 'Cipriano Castro'),
(852, 355, 'Manuel Felipe Rugeles'),
(853, 356, 'Libertador'),
(854, 356, 'Doradas'),
(855, 356, 'Emeterio Ochoa'),
(856, 356, 'San Joaquín de Navay'),
(857, 357, 'Lobatera'),
(858, 357, 'Constitución'),
(859, 358, 'Michelena'),
(860, 359, 'Panamericano'),
(861, 359, 'La Palmita'),
(862, 360, 'Pedro María Ureña'),
(863, 360, 'Nueva Arcadia'),
(864, 361, 'Delicias'),
(865, 361, 'Pecaya'),
(866, 362, 'Samuel Darío Maldonado'),
(867, 362, 'Boconó'),
(868, 362, 'Hernández'),
(869, 363, 'La Concordia'),
(870, 363, 'San Juan Bautista'),
(871, 363, 'Pedro María Morantes'),
(872, 363, 'San Sebastián'),
(873, 363, 'Dr. Francisco Romero Lobo'),
(874, 364, 'Seboruco'),
(875, 365, 'Simón Rodríguez'),
(876, 366, 'Sucre'),
(877, 366, 'Eleazar López Contreras'),
(878, 366, 'San Pablo'),
(879, 367, 'Torbes'),
(880, 368, 'Uribante'),
(881, 368, 'Cárdenas'),
(882, 368, 'Juan Pablo Peñalosa'),
(883, 368, 'Potosí'),
(884, 369, 'San Judas Tadeo'),
(885, 370, 'Araguaney'),
(886, 370, 'El Jaguito'),
(887, 370, 'La Esperanza'),
(888, 370, 'Santa Isabel'),
(889, 371, 'Boconó'),
(890, 371, 'El Carmen'),
(891, 371, 'Mosquey'),
(892, 371, 'Ayacucho'),
(893, 371, 'Burbusay'),
(894, 371, 'General Ribas'),
(895, 371, 'Guaramacal'),
(896, 371, 'Vega de Guaramacal'),
(897, 371, 'Monseñor Jáuregui'),
(898, 371, 'Rafael Rangel'),
(899, 371, 'San Miguel'),
(900, 371, 'San José'),
(901, 372, 'Sabana Grande'),
(902, 372, 'Cheregüé'),
(903, 372, 'Granados'),
(904, 373, 'Arnoldo Gabaldón'),
(905, 373, 'Bolivia'),
(906, 373, 'Carrillo'),
(907, 373, 'Cegarra'),
(908, 373, 'Chejendé'),
(909, 373, 'Manuel Salvador Ulloa'),
(910, 373, 'San José'),
(911, 374, 'Carache'),
(912, 374, 'La Concepción'),
(913, 374, 'Cuicas'),
(914, 374, 'Panamericana'),
(915, 374, 'Santa Cruz'),
(916, 375, 'Escuque'),
(917, 375, 'La Unión'),
(918, 375, 'Santa Rita'),
(919, 375, 'Sabana Libre'),
(920, 376, 'El Socorro'),
(921, 376, 'Los Caprichos'),
(922, 376, 'Antonio José de Sucre'),
(923, 377, 'Campo Elías'),
(924, 377, 'Arnoldo Gabaldón'),
(925, 378, 'Santa Apolonia'),
(926, 378, 'El Progreso'),
(927, 378, 'La Ceiba'),
(928, 378, 'Tres de Febrero'),
(929, 379, 'El Dividive'),
(930, 379, 'Agua Santa'),
(931, 379, 'Agua Caliente'),
(932, 379, 'El Cenizo'),
(933, 379, 'Valerita'),
(934, 380, 'Monte Carmelo'),
(935, 380, 'Buena Vista'),
(936, 380, 'Santa María del Horcón'),
(937, 381, 'Motatán'),
(938, 381, 'El Baño'),
(939, 381, 'Jalisco'),
(940, 382, 'Pampán'),
(941, 382, 'Flor de Patria'),
(942, 382, 'La Paz'),
(943, 382, 'Santa Ana'),
(944, 383, 'Pampanito'),
(945, 383, 'La Concepción'),
(946, 383, 'Pampanito II'),
(947, 384, 'Betijoque'),
(948, 384, 'José Gregorio Hernández'),
(949, 384, 'La Pueblita'),
(950, 384, 'Los Cedros'),
(951, 385, 'Carvajal'),
(952, 385, 'Campo Alegre'),
(953, 385, 'Antonio Nicolás Briceño'),
(954, 385, 'José Leonardo Suárez'),
(955, 386, 'Sabana de Mendoza'),
(956, 386, 'Junín'),
(957, 386, 'Valmore Rodríguez'),
(958, 386, 'El Paraíso'),
(959, 387, 'Andrés Linares'),
(960, 387, 'Chiquinquirá'),
(961, 387, 'Cristóbal Mendoza'),
(962, 387, 'Cruz Carrillo'),
(963, 387, 'Matriz'),
(964, 387, 'Monseñor Carrillo'),
(965, 387, 'Tres Esquinas'),
(966, 388, 'Cabimbú'),
(967, 388, 'Jajó'),
(968, 388, 'La Mesa de Esnujaque'),
(969, 388, 'Santiago'),
(970, 388, 'Tuñame'),
(971, 388, 'La Quebrada'),
(972, 389, 'Juan Ignacio Montilla'),
(973, 389, 'La Beatriz'),
(974, 389, 'La Puerta'),
(975, 389, 'Mendoza del Valle de Momboy'),
(976, 389, 'Mercedes Díaz'),
(977, 389, 'San Luis'),
(978, 390, 'Caraballeda'),
(979, 390, 'Carayaca'),
(980, 390, 'Carlos Soublette'),
(981, 390, 'Caruao Chuspa'),
(982, 390, 'Catia La Mar'),
(983, 390, 'El Junko'),
(984, 390, 'La Guaira'),
(985, 390, 'Macuto'),
(986, 390, 'Maiquetía'),
(987, 390, 'Naiguatá'),
(988, 390, 'Urimare'),
(989, 391, 'Arístides Bastidas'),
(990, 392, 'Bolívar'),
(991, 407, 'Chivacoa'),
(992, 407, 'Campo Elías'),
(993, 408, 'Cocorote'),
(994, 409, 'Independencia'),
(995, 410, 'José Antonio Páez'),
(996, 411, 'La Trinidad'),
(997, 412, 'Manuel Monge'),
(998, 413, 'Salóm'),
(999, 413, 'Temerla'),
(1000, 413, 'Nirgua'),
(1001, 414, 'San Andrés'),
(1002, 414, 'Yaritagua'),
(1003, 415, 'San Javier'),
(1004, 415, 'Albarico'),
(1005, 415, 'San Felipe'),
(1006, 416, 'Sucre'),
(1007, 417, 'Urachiche'),
(1008, 418, 'El Guayabo'),
(1009, 418, 'Farriar'),
(1010, 441, 'Isla de Toas'),
(1011, 441, 'Monagas'),
(1012, 442, 'San Timoteo'),
(1013, 442, 'General Urdaneta'),
(1014, 442, 'Libertador'),
(1015, 442, 'Marcelino Briceño'),
(1016, 442, 'Pueblo Nuevo'),
(1017, 442, 'Manuel Guanipa Matos'),
(1018, 443, 'Ambrosio'),
(1019, 443, 'Carmen Herrera'),
(1020, 443, 'La Rosa'),
(1021, 443, 'Germán Ríos Linares'),
(1022, 443, 'San Benito'),
(1023, 443, 'Rómulo Betancourt'),
(1024, 443, 'Jorge Hernández'),
(1025, 443, 'Punta Gorda'),
(1026, 443, 'Arístides Calvani'),
(1027, 444, 'Encontrados'),
(1028, 444, 'Udón Pérez'),
(1029, 445, 'Moralito'),
(1030, 445, 'San Carlos del Zulia'),
(1031, 445, 'Santa Cruz del Zulia'),
(1032, 445, 'Santa Bárbara'),
(1033, 445, 'Urribarrí'),
(1034, 446, 'Carlos Quevedo'),
(1035, 446, 'Francisco Javier Pulgar'),
(1036, 446, 'Simón Rodríguez'),
(1037, 446, 'Guamo-Gavilanes'),
(1038, 448, 'La Concepción'),
(1039, 448, 'San José'),
(1040, 448, 'Mariano Parra León'),
(1041, 448, 'José Ramón Yépez'),
(1042, 449, 'Jesús María Semprún'),
(1043, 449, 'Barí'),
(1044, 450, 'Concepción'),
(1045, 450, 'Andrés Bello'),
(1046, 450, 'Chiquinquirá'),
(1047, 450, 'El Carmelo'),
(1048, 450, 'Potreritos'),
(1049, 451, 'Libertad'),
(1050, 451, 'Alonso de Ojeda'),
(1051, 451, 'Venezuela'),
(1052, 451, 'Eleazar López Contreras'),
(1053, 451, 'Campo Lara'),
(1054, 452, 'Bartolomé de las Casas'),
(1055, 452, 'Libertad'),
(1056, 452, 'Río Negro'),
(1057, 452, 'San José de Perijá'),
(1058, 453, 'San Rafael'),
(1059, 453, 'La Sierrita'),
(1060, 453, 'Las Parcelas'),
(1061, 453, 'Luis de Vicente'),
(1062, 453, 'Monseñor Marcos Sergio Godoy'),
(1063, 453, 'Ricaurte'),
(1064, 453, 'Tamare'),
(1065, 454, 'Antonio Borjas Romero'),
(1066, 454, 'Bolívar'),
(1067, 454, 'Cacique Mara'),
(1068, 454, 'Carracciolo Parra Pérez'),
(1069, 454, 'Cecilio Acosta'),
(1070, 454, 'Cristo de Aranza'),
(1071, 454, 'Coquivacoa'),
(1072, 454, 'Chiquinquirá'),
(1073, 454, 'Francisco Eugenio Bustamante'),
(1074, 454, 'Idelfonzo Vásquez'),
(1075, 454, 'Juana de Ávila'),
(1076, 454, 'Luis Hurtado Higuera'),
(1077, 454, 'Manuel Dagnino'),
(1078, 454, 'Olegario Villalobos'),
(1079, 454, 'Raúl Leoni'),
(1080, 454, 'Santa Lucía'),
(1081, 454, 'Venancio Pulgar'),
(1082, 454, 'San Isidro'),
(1083, 455, 'Altagracia'),
(1084, 455, 'Faría'),
(1085, 455, 'Ana María Campos'),
(1086, 455, 'San Antonio'),
(1087, 455, 'San José'),
(1088, 456, 'Donaldo García'),
(1089, 456, 'El Rosario'),
(1090, 456, 'Sixto Zambrano'),
(1091, 457, 'San Francisco'),
(1092, 457, 'El Bajo'),
(1093, 457, 'Domitila Flores'),
(1094, 457, 'Francisco Ochoa'),
(1095, 457, 'Los Cortijos'),
(1096, 457, 'Marcial Hernández'),
(1097, 458, 'Santa Rita'),
(1098, 458, 'El Mene'),
(1099, 458, 'Pedro Lucas Urribarrí'),
(1100, 458, 'José Cenobio Urribarrí'),
(1101, 459, 'Rafael Maria Baralt'),
(1102, 459, 'Manuel Manrique'),
(1103, 459, 'Rafael Urdaneta'),
(1104, 460, 'Bobures'),
(1105, 460, 'Gibraltar'),
(1106, 460, 'Heras'),
(1107, 460, 'Monseñor Arturo Álvarez'),
(1108, 460, 'Rómulo Gallegos'),
(1109, 460, 'El Batey'),
(1110, 461, 'Rafael Urdaneta'),
(1111, 461, 'La Victoria'),
(1112, 461, 'Raúl Cuenca'),
(1113, 447, 'Sinamaica'),
(1114, 447, 'Alta Guajira'),
(1115, 447, 'Elías Sánchez Rubio'),
(1116, 447, 'Guajira'),
(1117, 462, 'Altagracia'),
(1118, 462, 'Antímano'),
(1119, 462, 'Caricuao'),
(1120, 462, 'Catedral'),
(1121, 462, 'Coche'),
(1122, 462, 'El Junquito'),
(1123, 462, 'El Paraíso'),
(1124, 462, 'El Recreo'),
(1125, 462, 'El Valle'),
(1126, 462, 'La Candelaria'),
(1127, 462, 'La Pastora'),
(1128, 462, 'La Vega'),
(1129, 462, 'Macarao'),
(1130, 462, 'San Agustín'),
(1131, 462, 'San Bernardino'),
(1132, 462, 'San José'),
(1133, 462, 'San Juan'),
(1134, 462, 'San Pedro'),
(1135, 462, 'Santa Rosalía'),
(1136, 462, 'Santa Teresa'),
(1137, 462, 'Sucre (Catia)'),
(1138, 462, '23 de enero');

-- --------------------------------------------------------

--
-- Estructura de tabla para la tabla `rama`
--

CREATE TABLE IF NOT EXISTS `rama` (
  `id` bigint(20) unsigned NOT NULL AUTO_INCREMENT,
  `codigo_seccion` varchar(5) CHARACTER SET latin1 NOT NULL,
  `codigo_division` tinyint(4) NOT NULL,
  `codigo_grupo` tinyint(4) NOT NULL,
  `codigo_clase` tinyint(4) NOT NULL,
  `codigo_rama` tinyint(4) NOT NULL,
  `rama` varchar(255) CHARACTER SET latin1 NOT NULL,
  UNIQUE KEY `id` (`id`)
) ENGINE=InnoDB  DEFAULT CHARSET=utf8 AUTO_INCREMENT=801 ;

--
-- Volcado de datos para la tabla `rama`
--

INSERT INTO `rama` (`id`, `codigo_seccion`, `codigo_division`, `codigo_grupo`, `codigo_clase`, `codigo_rama`, `rama`) VALUES
(1, 'A', 1, 1, 1, 1, 'Cultivo de maíz, excepto de uso forrajero'),
(2, 'A', 1, 1, 1, 2, 'Cultivo de arroz'),
(3, 'A', 1, 1, 1, 3, 'Cultivo de sorgo'),
(4, 'A', 1, 1, 1, 9, 'Cultivo de cereales n.c.p.'),
(5, 'A', 1, 1, 2, 1, 'Cultivo de caraotas'),
(6, 'A', 1, 1, 2, 2, 'Cultivo de frijoles'),
(7, 'A', 1, 1, 2, 9, 'Cultivo de leguminosas n.c.p.'),
(8, 'A', 1, 1, 3, 1, 'Cultivo de papa'),
(9, 'A', 1, 1, 3, 2, 'Cultivo de yuca (mandioca)'),
(10, 'A', 1, 1, 3, 9, 'Cultivo de raíces y tubérculos n.c.p.'),
(11, 'A', 1, 1, 4, 1, 'Cultivo de cebollas'),
(12, 'A', 1, 1, 4, 2, 'Cultivo de tomates'),
(13, 'A', 1, 1, 4, 3, 'Cultivo de melones y patillas'),
(14, 'A', 1, 1, 4, 4, 'Cultivo de hongos'),
(15, 'A', 1, 1, 4, 9, 'Cultivo de hortalizas n.c.p.'),
(16, 'A', 1, 1, 5, 1, 'Cultivo de girasol'),
(17, 'A', 1, 1, 5, 2, 'Cultivo de soya'),
(18, 'A', 1, 1, 5, 9, 'Cultivo de semillas oleaginosas n.c.p.'),
(19, 'A', 1, 1, 6, 0, 'Cultivo de caña de azúcar'),
(20, 'A', 1, 1, 7, 0, 'Cultivo de tabaco'),
(21, 'A', 1, 1, 8, 1, 'Cultivo de algodón'),
(22, 'A', 1, 1, 8, 2, 'Cultivo de sisal y otras plantas de fibras textiles del género agave'),
(23, 'A', 1, 1, 8, 9, 'Cultivo de otras plantas de fibras textiles n.c.p.'),
(24, 'A', 1, 1, 9, 1, 'Cultivo de flores y semillas de flores'),
(25, 'A', 1, 1, 9, 2, 'Cultivo de plantas forrajeras, excepto cereales'),
(26, 'A', 1, 2, 1, 0, 'Cultivo de uva'),
(27, 'A', 1, 2, 2, 1, 'Cultivo de frutas tropicales y subtropicales'),
(28, 'A', 1, 2, 2, 9, 'Otros cultivos de frutas tropicales y subtropicales n.c.p.'),
(29, 'A', 1, 2, 3, 1, 'Cultivo de cítricos'),
(30, 'A', 1, 2, 3, 9, 'Cultivo de otros cítricos n.c.p'),
(31, 'A', 1, 2, 4, 0, 'Cultivo de frutas de pepita y de hueso'),
(32, 'A', 1, 2, 5, 1, 'Cultivo de fresas'),
(33, 'A', 1, 2, 5, 2, 'Cultivo de nueces y frutos secos'),
(34, 'A', 1, 2, 5, 9, 'Cultivo de frutos de arboles y arbustos n.c.p.'),
(35, 'A', 1, 2, 6, 1, 'Cultivo de coco'),
(36, 'A', 1, 2, 6, 2, 'Cultivo de palmas aceiteras'),
(37, 'A', 1, 2, 6, 9, 'Cultivo de otros frutos oleaginosos'),
(38, 'A', 1, 2, 7, 1, 'Cultivo de café'),
(39, 'A', 1, 2, 7, 2, 'Cultivo de cacao'),
(40, 'A', 1, 2, 7, 9, 'Cultivo de plantas con las que se preparan bebidas n.c.p.'),
(41, 'A', 1, 2, 8, 1, 'Cultivo de ajíes'),
(42, 'A', 1, 2, 8, 2, 'Cultivo de pimentón'),
(43, 'A', 1, 2, 8, 9, 'Cultivo de especias y de plantas aromáticas, medicinales y farmacéuticas n.c.p.'),
(44, 'A', 1, 2, 9, 0, 'Cultivo de plantas perennes n.c.p.'),
(45, 'A', 1, 3, 0, 1, 'Producción de plántulas'),
(46, 'A', 1, 3, 0, 2, 'Actividades de viveros, excepto forestales'),
(47, 'A', 1, 4, 1, 1, 'Cría de ganado vacuno para leche'),
(48, 'A', 1, 4, 1, 2, 'Cría de ganado bufalino para leche'),
(49, 'A', 1, 4, 1, 3, 'Cría y reproducción de ganado vacuno, excepto leche'),
(50, 'A', 1, 4, 1, 4, 'Cría y reproducción de ganado bufalino, excepto leche'),
(51, 'A', 1, 4, 1, 5, 'Cría y reproducción de ganado vacuno para doble propósito'),
(52, 'A', 1, 4, 1, 6, 'Cria y reproducción de ganado bufalino para doble propósito'),
(53, 'A', 1, 4, 2, 1, 'Cría de caballos pura sangre de carreras (Haras)'),
(54, 'A', 1, 4, 2, 2, 'Cría de caballos para montas'),
(55, 'A', 1, 4, 2, 9, 'Cria de equinos n.c.p.'),
(56, 'A', 1, 4, 3, 1, 'Cría de caprinos para leche'),
(57, 'A', 1, 4, 3, 2, 'Cría de caprinos, excepto para leche'),
(58, 'A', 1, 4, 3, 3, 'Cría de ovinos para leche'),
(59, 'A', 1, 4, 3, 4, 'Cría de ovinos, excepto para leche'),
(60, 'A', 1, 4, 4, 0, 'Cría de cerdos'),
(61, 'A', 1, 4, 5, 1, 'Cría y reproducción de pollos y gallinas'),
(62, 'A', 1, 4, 5, 2, 'Producción de huevos de gallinas para el consumo'),
(63, 'A', 1, 4, 5, 3, 'Producción de productos de reproducción avicola'),
(64, 'A', 1, 4, 5, 4, 'Cría de codornices'),
(65, 'A', 1, 4, 5, 5, 'Cría de avestruces'),
(66, 'A', 1, 4, 5, 9, 'Cría y reproducción de aves de corral n.c.p'),
(67, 'A', 1, 4, 9, 1, 'Cría de conejos'),
(68, 'A', 1, 4, 9, 2, 'Apicultura'),
(69, 'A', 1, 4, 9, 3, 'Cría y reproducción de animales domésticos (mascotas)'),
(70, 'A', 1, 4, 9, 9, 'Cría de animales n.c.p'),
(71, 'A', 1, 5, 0, 0, 'Cultivodeproductosagrícolasencombinaciónconlacríadeanimales(unidaddeproducción agrícola mixta)'),
(72, 'A', 1, 6, 1, 1, 'Servicios de mano de obra para la siembra y cuidados de cultivos'),
(73, 'A', 1, 6, 1, 2, 'Actividades de fumigación'),
(74, 'A', 1, 6, 1, 3, 'Suministro o alquiler de maquinaria agrícola con operarios'),
(75, 'A', 1, 6, 1, 4, 'Explotación de equipo de riego agrícola'),
(76, 'A', 1, 6, 1, 5, 'Servicio de acondicionamiento y cuidado de los terrenos agrícolas'),
(77, 'A', 1, 6, 1, 9, 'Otras actividades de apoyo a la agricultura'),
(78, 'A', 1, 6, 2, 1, 'Actividades posteriores a la cosecha del café'),
(79, 'A', 1, 6, 2, 2, 'Servicio de preparación del cacao en grano'),
(80, 'A', 1, 6, 2, 3, 'Actividades posteriores a la cosecha de cereales y leguminosas'),
(81, 'A', 1, 6, 2, 9, 'Actividades posteriores a la cosecha n.c.p.'),
(82, 'A', 1, 6, 3, 0, 'Tratamiento de semillas para propagación'),
(83, 'A', 1, 6, 4, 1, 'Servicios de inseminación artificial'),
(84, 'A', 1, 6, 4, 2, 'Serviciodelimpieza,desinfecciónymantenimientodegalponesdeaves,cochineras y vaqueras'),
(85, 'A', 1, 6, 4, 3, 'Servicio de potreraje'),
(86, 'A', 1, 6, 4, 9, 'Otras actividades de apoyo a la ganadería'),
(87, 'A', 1, 7, 0, 0, 'Caza ordinaria, mediante trampas y actividades de servicios conexas'),
(88, 'A', 2, 1, 0, 0, 'Silvicultura y otras actividades forestales'),
(89, 'A', 2, 2, 0, 1, 'Extraccion y producción de madera en rolas'),
(90, 'A', 2, 2, 0, 2, 'Recolección y producción de leña'),
(91, 'A', 2, 2, 0, 3, 'Producción de carbón vegetal en bosques'),
(92, 'A', 2, 3, 0, 1, 'Recolección de productos forestales distintos de la madera'),
(93, 'A', 2, 3, 0, 9, 'Recolección de otros productos forestales distintos de la madera'),
(94, 'A', 2, 4, 0, 0, 'Servicios de apoyo a la silvicultura'),
(95, 'A', 3, 1, 1, 1, 'Pesca comercial de altura y costera'),
(96, 'A', 3, 1, 1, 9, 'Pesca marítima n.c.p.'),
(97, 'A', 3, 1, 2, 0, 'Pesca fluvial y lacustre'),
(98, 'A', 3, 2, 1, 1, 'Cultivo y cría de camarones'),
(99, 'A', 3, 2, 1, 9, 'Acuicultura marítima n.c.p.'),
(100, 'A', 3, 2, 2, 1, 'Cultivo y cría de cachamas'),
(101, 'A', 3, 2, 2, 2, 'Cultivo y cría de truchas'),
(102, 'A', 3, 2, 2, 9, 'Acuicultura de agua dulce n.c.p.'),
(103, 'B', 5, 1, 0, 0, 'Extracción de carbón de piedra'),
(104, 'B', 5, 2, 0, 0, 'Estracción de lignito'),
(105, 'B', 6, 1, 0, 0, 'Extracción de petróleo crudo'),
(106, 'B', 6, 2, 0, 0, 'Extracción de gas natural'),
(107, 'B', 7, 1, 0, 0, 'Extracción de minerales de hierro'),
(108, 'B', 7, 2, 1, 0, 'Extracción de minerales de uranio y torio'),
(109, 'B', 7, 2, 9, 1, 'Extracción de aluminio (bauxita)'),
(110, 'B', 7, 2, 9, 2, 'Extracción de oro'),
(111, 'B', 7, 2, 9, 3, 'Extracción de metales preciosos, excepto oro'),
(112, 'B', 7, 2, 9, 9, 'Extracción de otros minerales no ferrosos n.c.p.'),
(113, 'B', 8, 1, 0, 1, 'Extracción de arcillas, arcillas refractarias y caolín'),
(114, 'B', 8, 1, 0, 2, 'Extracción de mármol y granito sin labrar'),
(115, 'B', 8, 1, 0, 3, 'Extracción, fragmentación de piedra, gravilla y arena'),
(116, 'B', 8, 1, 0, 9, 'Extracción de otras piedras, arena y arcilla n.c.p.'),
(117, 'B', 8, 9, 1, 0, 'Extracción de minerales para la fabricación de abonos y productos químicos'),
(118, 'B', 8, 9, 2, 0, 'Extracción de turba'),
(119, 'B', 8, 9, 3, 0, 'Extracción de sal'),
(120, 'B', 8, 9, 9, 0, 'Explotaciòn de otras minas y canteras n.c.p.'),
(121, 'B', 9, 1, 0, 0, 'Actividades de apoyo para la extracción de petróleo y gas natural'),
(122, 'B', 9, 9, 0, 0, 'Actividades de apoyo para la explotación de otras minas y canteras'),
(123, 'C', 10, 1, 0, 1, 'Beneficio y matanza de ganado'),
(124, 'C', 10, 1, 0, 2, 'Beneficio de aves'),
(125, 'C', 10, 1, 0, 3, 'Preparación y conservación de carne y productos a base de carne'),
(126, 'C', 10, 1, 0, 9, 'Elaboración y conservación de carne n.c.p.'),
(127, 'C', 10, 2, 0, 1, 'Preparación y enlatado de pescados, crustáceos y moluscos'),
(128, 'C', 10, 2, 0, 2, 'Preparacióndepescados,crustáceosyproductosafines,medianteelsecado,ahumado o congelación industrial'),
(129, 'C', 10, 2, 0, 3, 'Elaboración de productos de pescado, crustáceos y moluscos'),
(130, 'C', 10, 2, 0, 9, 'Elaboración y conservación de productos de pescado, crustáceos y moluscos n.c.p.'),
(131, 'C', 10, 3, 0, 1, 'Fabricación,envasadoyconservacióndesalsas,encurtidosysopasdehortalizas,legumbres y vegetales'),
(132, 'C', 10, 3, 0, 2, 'Fabricación de mermeladas, jaleas y frutas secas o en almíbar'),
(133, 'C', 10, 3, 0, 3, 'Fabricación de jugos, concentrados de frutas, legumbres y hortalizas; compotas'),
(134, 'C', 10, 3, 0, 9, 'Elaboración y conservación de frutas, legumbres y hortalizas n.c.p.'),
(135, 'C', 10, 4, 0, 1, 'Fabricación de aceites y grasas comestibles de origen vegetal'),
(136, 'C', 10, 4, 0, 2, 'Elaboración de margarina y otras grasas compuestas, comestibles'),
(137, 'C', 10, 4, 0, 9, 'Fabricación de otros aceites y grasas'),
(138, 'C', 10, 5, 0, 1, 'Elaboración de mantequilla y quesos'),
(139, 'C', 10, 5, 0, 2, 'Elaboración de leche en estado sólido y condensado'),
(140, 'C', 10, 5, 0, 3, 'Pasteurizacióndelecheyderivadoslácteos,exceptoelaboracióndemantequillasyquesos'),
(141, 'C', 10, 5, 0, 4, 'Elaboración de helados y sorbetes'),
(142, 'C', 10, 6, 1, 1, 'Trillado y molienda de trigo'),
(143, 'C', 10, 6, 1, 2, 'Molienda de arroz'),
(144, 'C', 10, 6, 1, 3, 'Molienda y trillado de maíz'),
(145, 'C', 10, 6, 1, 4, 'Preparación de cereales para el consumo humano, excepto alimentos infantiles'),
(146, 'C', 10, 6, 1, 9, 'Elaboración de otros productos de molinería n.c.p.'),
(147, 'C', 10, 6, 2, 1, 'Elaboración de aceite de maíz'),
(148, 'C', 10, 6, 2, 2, 'Elaboración de harina de yuca y sucedáneos'),
(149, 'C', 10, 6, 2, 9, 'Elaboración de almidones y productos derivados del almidón n.c.p.'),
(150, 'C', 10, 7, 1, 1, 'Elaboración de productos de panadería'),
(151, 'C', 10, 7, 1, 2, 'Elaboración de productos de pastelería y repostería'),
(152, 'C', 10, 7, 1, 3, 'Elaboración de galletas'),
(153, 'C', 10, 7, 1, 4, 'Elaboración de casabe'),
(154, 'C', 10, 7, 2, 1, 'Elaboración y refinación de azúcar y otros productos de centrales azucareros'),
(155, 'C', 10, 7, 2, 2, 'Elaboración de panela y papelón'),
(156, 'C', 10, 7, 3, 1, 'Fabricación de cacao y chocolate'),
(157, 'C', 10, 7, 3, 2, 'Fabricación de productos de confitería'),
(158, 'C', 10, 7, 4, 0, 'Elaboración de macarrones, fideos, alcuzcuz y productos farináceos similares'),
(159, 'C', 10, 7, 5, 0, 'Elaboración de comidas y platos preparados'),
(160, 'C', 10, 7, 9, 1, 'Molienda y torrefacción de café'),
(161, 'C', 10, 7, 9, 2, 'Elaboración de alimentos para usos especiales'),
(162, 'C', 10, 7, 9, 3, 'Molienda, preparación y refinación de sal'),
(163, 'C', 10, 7, 9, 4, 'Elaboración de salsa'),
(164, 'C', 10, 7, 9, 5, 'Elaboración de condimentos, especies y sopas diversas'),
(165, 'C', 10, 7, 9, 6, 'Elaboración de extractos de infusiones y hierbas'),
(166, 'C', 10, 7, 9, 9, 'Elaboración de otros alimentos preparados n.c.p'),
(167, 'C', 10, 8, 0, 1, 'Elaboración de alimentos para mascotas o animales domésticos'),
(168, 'C', 10, 8, 0, 9, 'Elaboración de otros alimentos balanceados para animales n.c.p'),
(169, 'C', 11, 0, 1, 1, 'Elaboración de ron'),
(170, 'C', 11, 0, 1, 2, 'Elaboración de aguardiente de cocuy de penca'),
(171, 'C', 11, 0, 1, 9, 'Destilación, rectificación y mezcla de otras bebidas alcohólicas n.c.p.'),
(172, 'C', 11, 0, 2, 0, 'Elaboración de vinos'),
(173, 'C', 11, 0, 3, 0, 'Elaboración de cervezas y de malta'),
(174, 'C', 11, 0, 4, 1, 'Producción de aguas minerales y otras aguas embotelladas'),
(175, 'C', 11, 0, 4, 9, 'Elaboración de bebidas no alcohólicas n.c.p.'),
(176, 'C', 12, 0, 0, 1, 'Elaboración de cigarrillos'),
(177, 'C', 12, 0, 0, 2, 'Elaboración de tabacos (puros)'),
(178, 'C', 12, 0, 0, 3, 'Elaboración de chimó'),
(179, 'C', 12, 0, 0, 9, 'Elaboración de productos de tabaco n.c.p.'),
(180, 'C', 13, 1, 1, 1, 'Preparación de fibras textiles'),
(181, 'C', 13, 1, 1, 2, 'Hilatura de fibras textiles'),
(182, 'C', 13, 1, 2, 0, 'Tejedura de productos textiles'),
(183, 'C', 13, 1, 3, 0, 'Acabado de productos textiles'),
(184, 'C', 13, 9, 1, 0, 'Fabricación de tejidos de punto y ganchillo'),
(185, 'C', 13, 9, 2, 1, 'Fabricación de artículos confeccionados para el hogar y mobiliario'),
(186, 'C', 13, 9, 2, 2, 'Fabricación de artículos de lona y nylon'),
(187, 'C', 13, 9, 2, 9, 'Fabricación de otros artículos confeccionados con textiles, excepto prendas de vestir'),
(188, 'C', 13, 9, 3, 0, 'Fabricación de tapices y alfombras'),
(189, 'C', 13, 9, 4, 0, 'Fabricación de cuerdas, cordeles, bramantes y redes'),
(190, 'C', 13, 9, 9, 0, 'Fabricación de otros productos textiles n.c.p.'),
(191, 'C', 14, 1, 0, 1, 'Confección de ropa interior y trajes de baño'),
(192, 'C', 14, 1, 0, 2, 'Confección de prendas de vestir exterior'),
(193, 'C', 14, 1, 0, 3, 'Confección de uniformes de trabajo y uniformes escolares'),
(194, 'C', 14, 1, 0, 4, 'Confección de prendas de vestir deportivas'),
(195, 'C', 14, 1, 0, 5, 'Confección a la medida'),
(196, 'C', 14, 1, 0, 6, 'Confección de prendas de vestir para bebés'),
(197, 'C', 14, 1, 0, 9, 'Confección de prendas de vestir y accesorios n.c.p.'),
(198, 'C', 14, 2, 0, 0, 'Fabricación de artículos de piel'),
(199, 'C', 14, 3, 0, 1, 'Fabricación de artículos de punto y ganchillo para damas, caballeros y niños'),
(200, 'C', 14, 3, 0, 2, 'Fabricación de artículos de punto y ganchillo para bebe'),
(201, 'C', 15, 1, 1, 0, 'Curtido y adobo de cueros, adobo y teñido de pieles'),
(202, 'C', 15, 1, 2, 1, 'Fabricación de maletas, bolsos de mano de cuero y artículos similares'),
(203, 'C', 15, 1, 2, 2, 'Fabricación de productos de talabartería y guarnicionería'),
(204, 'C', 15, 2, 0, 1, 'Fabricación de calzado de cuero'),
(205, 'C', 15, 2, 0, 2, 'Fabricación de calzado, excepto de cuero'),
(206, 'C', 15, 2, 0, 3, 'Fabricación de partes y accesorios de cuero para calzados'),
(207, 'C', 15, 2, 0, 9, 'Fabricación de calzados, partes y accesorios para calzados n.c.p.'),
(208, 'C', 16, 1, 0, 0, 'Aserrado y acepilladura de madera (aserraderos)'),
(209, 'C', 16, 2, 1, 0, 'Fabricación de hojas de madera para enchapado y tableros a base de madera'),
(210, 'C', 16, 2, 2, 0, 'Fabricación de partes y piezas de carpintería para edificios y construcciones'),
(211, 'C', 16, 2, 3, 0, 'Fabricación de recipientes de madera'),
(212, 'C', 16, 2, 9, 1, 'Fabricacióndemangosdemaderaparaherramientasyartículosmenudosdemadera'),
(213, 'C', 16, 2, 9, 2, 'Fabricación de artículos de corcho'),
(214, 'C', 16, 2, 9, 3, 'Fabricación de artículos de mimbre y materiales trenzables'),
(215, 'C', 16, 2, 9, 9, 'Fabricación de otros productos de madera'),
(216, 'C', 17, 0, 1, 1, 'Fabricación de pasta de madera'),
(217, 'C', 17, 0, 1, 2, 'Fabricación de papel y cartón'),
(218, 'C', 17, 0, 2, 0, 'Fabricación de papel y cartón ondulado y de envases de papel y cartón'),
(219, 'C', 17, 0, 9, 1, 'Fabricación de productos de papel de higiene personal'),
(220, 'C', 17, 0, 9, 2, 'Fabricación artículos de papel y cartón para oficina'),
(221, 'C', 17, 0, 9, 9, 'Fabricación de otros artículos de papel y cartón'),
(222, 'C', 18, 1, 1, 1, 'Litografías, tipografías e imprentas en general'),
(223, 'C', 18, 1, 1, 2, 'Impresión de periódicos y revistas'),
(224, 'C', 18, 1, 1, 3, 'Impresión de libros'),
(225, 'C', 18, 1, 2, 0, 'Actividades de servicios relacionadas con la impresión'),
(226, 'C', 18, 2, 0, 1, 'Reproducción de discos compactos de música'),
(227, 'C', 18, 2, 0, 2, 'Reproducción de películas y videocintas'),
(228, 'C', 18, 2, 0, 3, 'Reproducción de programas informáticos y datos'),
(229, 'C', 19, 1, 0, 0, 'Fabricación de productos de hornos de coque'),
(230, 'C', 19, 2, 0, 0, 'Fabricación de productos de la refinación del petróleo'),
(231, 'C', 20, 1, 1, 1, 'Fabricación de gases industriales o médicos inorgánicos, licuados o comprimidos'),
(232, 'C', 20, 1, 1, 2, 'Fabricación de sustancias químicas de bases inorgánicas'),
(233, 'C', 20, 1, 1, 9, 'Fabricación de sustancias químicas básicas n.c.p.'),
(234, 'C', 20, 1, 2, 0, 'Fabricación de abonos y compuestos de nitrógeno'),
(235, 'C', 20, 1, 3, 1, 'Fabricación de plásticos en formas primarias'),
(236, 'C', 20, 1, 3, 2, 'Fabricación de plásticos y caucho sintético en formas primarias'),
(237, 'C', 20, 2, 1, 0, 'Fabricación de plaguicidas y otros productos químicos de uso agropecuario'),
(238, 'C', 20, 2, 2, 1, 'Fabricación de pinturas, barnices, lacas y masillas'),
(239, 'C', 20, 2, 2, 2, 'Fabricación de tintas de imprenta'),
(240, 'C', 20, 2, 3, 1, 'Fabricación de jabones y detergentes'),
(241, 'C', 20, 2, 3, 2, 'Fabricación de preparados para limpiar y pulir'),
(242, 'C', 20, 2, 3, 3, 'Fabricación de perfumes y preparados de tocador'),
(243, 'C', 20, 2, 9, 1, 'Fabricación de productos químicos para fotografía y película'),
(244, 'C', 20, 2, 9, 2, 'Fabricación de adhesivos, colas, aprestos y mordientes para la industria'),
(245, 'C', 20, 2, 9, 3, 'Fabricación de fósforos, explosivos y fuegos artificiales'),
(246, 'C', 20, 2, 9, 9, 'Fabricación de otros productos químicos n.c.p.'),
(247, 'C', 20, 3, 0, 0, 'Fabricación de fibras artificiales'),
(248, 'C', 21, 0, 0, 1, 'Fabricación de productos medicinales de uso humano y productos farmaceúticos'),
(249, 'C', 21, 0, 0, 2, 'Fabricación de medicamentos de uso veterinario'),
(250, 'C', 21, 0, 0, 3, 'Fabricación de materia prima para la elaboración de medicamentos'),
(251, 'C', 21, 0, 0, 9, 'Fabricación de otros productos medicinales'),
(252, 'C', 22, 1, 1, 1, 'Fabricación de cauchos y llantas para vehículos'),
(253, 'C', 22, 1, 1, 2, 'Recauchutado y renovación de cubiertas de caucho'),
(254, 'C', 22, 1, 9, 1, 'Fabricación de productos de caucho para uso industrial, mecánica y construcción'),
(255, 'C', 22, 1, 9, 9, 'Fabricación de productos de caucho n.c.p.'),
(256, 'C', 22, 2, 0, 1, 'Fabricacióndeserviciosdemesa,utensiliosdecocinayartículosdetocadordeplástico'),
(257, 'C', 22, 2, 0, 2, 'Fabricación de productos plásticos utilizados en construcción'),
(258, 'C', 22, 2, 0, 3, 'Fabricacióndeenvases,estuches,materialdeembalajeyartículosconexosdematerial plástico'),
(259, 'C', 22, 2, 0, 9, 'Fabricación de productos plásticos n.c.p.'),
(260, 'C', 23, 1, 0, 1, 'Fabricacióndevidrio,espejo,fibradevidrioymanufacturadevidrioparacarrosyotros vidrios de seguridad'),
(261, 'C', 23, 1, 0, 2, 'Fabricación de envases y artículos conexos de vidrios'),
(262, 'C', 23, 1, 0, 3, 'Fabricacióndeartículosdevidrioydefibradevidrioparalamesaylacocina;artículos para decoración y ornamento'),
(263, 'C', 23, 1, 0, 9, 'Fabricación de vidrio y productos de vidrio n.c.p.'),
(264, 'C', 23, 9, 1, 0, 'Fabricación de productos refractarios'),
(265, 'C', 23, 9, 2, 0, 'Fabricación de materiales de arcilla para la construcción'),
(266, 'C', 23, 9, 3, 1, 'Fabricación de vajillas y otros artículos de uso doméstico y de aseo'),
(267, 'C', 23, 9, 3, 2, 'Fabricación de estatuillas y otros artículos ornamentales de cerámica'),
(268, 'C', 23, 9, 3, 9, 'Fabricación de otros productos de porcelana y de cerámica n.c.p.'),
(269, 'C', 23, 9, 4, 1, 'Fabricación de cemento'),
(270, 'C', 23, 9, 4, 2, 'Fabricación de cal y yeso'),
(271, 'C', 23, 9, 5, 1, 'Fabricación de artículos de hormigón y cemento'),
(272, 'C', 23, 9, 5, 2, 'Fabricación de artículos de yeso'),
(273, 'C', 23, 9, 6, 0, 'Corte, talla y acabado de la piedra'),
(274, 'C', 23, 9, 9, 0, 'Fabricación de otros productos minerales no metálicos n.c.p.'),
(275, 'C', 24, 1, 0, 0, 'Industrias básicas de hierro y acero'),
(276, 'C', 24, 2, 0, 1, 'Fabricación de aluminio en formas básicas'),
(277, 'C', 24, 2, 0, 2, 'Industriasbásicasdelcobre,plomo,estaño,zinc,bronceylatónyreciclajedeestosmetales'),
(278, 'C', 24, 2, 0, 3, 'Industrias de metales preciosos básicas y sus aleaciones'),
(279, 'C', 24, 2, 0, 9, 'Fabricación de productos primarios de metales no ferrosos n.c.p.'),
(280, 'C', 24, 3, 1, 0, 'Fundición de hierro y acero'),
(281, 'C', 24, 3, 2, 0, 'Fundición de metales no ferrosos'),
(282, 'C', 25, 1, 1, 0, 'Fabricación de productos metálicos para uso estructural'),
(283, 'C', 25, 1, 2, 0, 'Fabricación de tanques, depósitos y recipientes de metal'),
(284, 'C', 25, 1, 3, 0, 'Fabricacióndegeneradoresdevapor,exceptocalderasdeaguacalienteparacalefacción central'),
(285, 'C', 25, 2, 0, 0, 'Fabricación de armas y municiones'),
(286, 'C', 25, 9, 1, 0, 'Forja, prensado, estampado y laminado de metales; pulvimetalurgia'),
(287, 'C', 25, 9, 2, 0, 'Tratamiento y revestimiento de metales; maquinado'),
(288, 'C', 25, 9, 3, 1, 'Fabricación de artículos de cuchillería y herramientas de mano no motorizadas'),
(289, 'C', 25, 9, 3, 2, 'Fabricación de herrajes y artículos de cerrajerías'),
(290, 'C', 25, 9, 3, 9, 'Fabricación de artículos de cuchillería, herramientas de mano y artículos de ferretería n.c.p.'),
(291, 'C', 25, 9, 9, 1, 'Fabricación de envases metálicos'),
(292, 'C', 25, 9, 9, 2, 'Fabricación de resortes y productos de alambre'),
(293, 'C', 25, 9, 9, 3, 'Fabricación de clavos y productos de tornillería'),
(294, 'C', 25, 9, 9, 4, 'Fabricación de artículos de metal de uso doméstico'),
(295, 'C', 25, 9, 9, 9, 'Fabricación de otros productos elaborados de metal n.c.p.'),
(296, 'C', 26, 1, 0, 0, 'Fabricación de componentes y tableros electrónicos'),
(297, 'C', 26, 2, 0, 0, 'Fabricación de computadores y equipo periférico'),
(298, 'C', 26, 3, 0, 0, 'Fabricación de equipo de comunicaciones'),
(299, 'C', 26, 4, 0, 0, 'Fabricación de aparatos electrónicos de consumo'),
(300, 'C', 26, 5, 1, 0, 'Fabricación de equipo de medición, prueba, navegación y control'),
(301, 'C', 26, 5, 2, 0, 'Fabricación de relojes'),
(302, 'C', 26, 6, 0, 0, 'Fabricacióndeequipodeirradiaciónyequipoelectrónicodeusomédicoyterapéutico'),
(303, 'C', 26, 7, 0, 1, 'Fabricación de instrumentos de óptica, lentes y artículos oftalmicos'),
(304, 'C', 26, 7, 0, 2, 'Fabricación de cámaras fotográficas, filmadoras, proyectores y artículos fotográficos'),
(305, 'C', 26, 8, 0, 0, 'Fabricación de soportes magnéticos y ópticos'),
(306, 'C', 27, 1, 0, 0, 'Fabricacióndemotores,generadoresytransformadoreseléctricosyaparatosdedistribución y control de la energía eléctrica'),
(307, 'C', 27, 2, 0, 1, 'Fabricación de acumuladores para diferentes uso'),
(308, 'C', 27, 2, 0, 2, 'Fabricación de pilas y baterías'),
(309, 'C', 27, 3, 1, 0, 'Fabricación de cables de fibra óptica'),
(310, 'C', 27, 3, 2, 0, 'Fabricación de otros hilos y cables eléctricos'),
(311, 'C', 27, 3, 3, 0, 'Fabricación de dispositivos de cableado'),
(312, 'C', 27, 4, 0, 0, 'Fabricación de equipo eléctrico de iluminación'),
(313, 'C', 27, 5, 0, 0, 'Fabricación de aparatos de uso doméstico'),
(314, 'C', 27, 9, 0, 0, 'Fabricación de otros tipos de equipo eléctrico'),
(315, 'C', 28, 1, 1, 0, 'Fabricacióndemotoresyturbinas,exceptomotoresparaaeronaves,vehículosautomotores y motocicletas'),
(316, 'C', 28, 1, 2, 0, 'Fabricación de equipo de propulsión de fluidos'),
(317, 'C', 28, 1, 3, 1, 'Fabricación de otras bombas y compresores'),
(318, 'C', 28, 1, 3, 2, 'Fabricación de grifos y válvulas'),
(319, 'C', 28, 1, 4, 0, 'Fabricación de cojinetes, engranajes, trenes de engranajes y piezas de transmisión'),
(320, 'C', 28, 1, 5, 0, 'Fabricación de hornos, hogueras y quemadores'),
(321, 'C', 28, 1, 6, 1, 'Fabricación de ascensores, escaleras mecánicas y pasillos rodantes'),
(322, 'C', 28, 1, 6, 9, 'Fabricación de equipo de elevación y manipulación n.c.p.'),
(323, 'C', 28, 1, 7, 0, 'Fabricacióndemaquinariayequipodeoficina,exceptocomputadoresyequipoperiférico'),
(324, 'C', 28, 1, 8, 0, 'Fabricación de herramientas de mano motorizadas'),
(325, 'C', 28, 1, 9, 0, 'Fabricación de otros tipos de maquinaria de uso general'),
(326, 'C', 28, 2, 1, 0, 'Fabricación de maquinaria agropecuaria y forestal'),
(327, 'C', 28, 2, 2, 0, 'Fabricacióndemaquinariaparalaconformacióndemetalesydemáquinasherramienta'),
(328, 'C', 28, 2, 3, 0, 'Fabricación de maquinaria metalúrgica'),
(329, 'C', 28, 2, 4, 0, 'Fabricacióndemaquinariaparalaexplotacióndeminasycanterasyparaobrasdeconstrucción'),
(330, 'C', 28, 2, 5, 0, 'Fabricación de maquinaria para la elaboración de alimentos, bebidas y tabaco'),
(331, 'C', 28, 2, 6, 0, 'Fabricacióndemaquinariaparalaelaboracióndeproductostextiles,prendasdevestir y cueros'),
(332, 'C', 28, 2, 9, 0, 'Fabricación de otros tipos de maquinaria de uso especial'),
(333, 'C', 29, 1, 0, 0, 'Fabricación de vehículos automotores'),
(334, 'C', 29, 2, 0, 0, 'Fabricacióndecarroceríasparavehículosautomotores;fabricaciónderemolquesysemirremolques'),
(335, 'C', 29, 3, 0, 1, 'Fabricacióndepartes,piezas,repuestosmecánicosydecarroceríaparavehículosautomotores'),
(336, 'C', 29, 3, 0, 2, 'Fabricación de asientos para automóviles'),
(337, 'C', 29, 3, 0, 3, 'Fabricación de partes, piezas y repuestos eléctricos para vehículos automotores'),
(338, 'C', 29, 3, 0, 4, 'Rectificación o recostrucción de motores para vehículos automotores'),
(339, 'C', 29, 3, 0, 9, 'Fabricación de otras piezas y accesorios para vehículos automotores n.c.p.'),
(340, 'C', 30, 1, 1, 0, 'Construcción de buques y estructuras flotantes'),
(341, 'C', 30, 1, 2, 0, 'Construcción de embarcaciones de recreo y deporte'),
(342, 'C', 30, 2, 0, 0, 'Fabricación de locomotoras y material rodante'),
(343, 'C', 30, 3, 0, 0, 'Fabricación de aeronaves, naves espaciales y maquinaria conexa'),
(344, 'C', 30, 4, 0, 0, 'Fabricación de vehículos militares de combate'),
(345, 'C', 30, 9, 1, 0, 'Fabricación de motocicletas'),
(346, 'C', 30, 9, 2, 1, 'Fabricación de bicicletas'),
(347, 'C', 30, 9, 2, 2, 'Fabricación de sillones de ruedas para inválidos y coches para bebes'),
(348, 'C', 30, 9, 9, 0, 'Fabricación de otros tipos de equipo de transporte n.c.p.'),
(349, 'C', 31, 0, 0, 1, 'Fabricacióndemueblesparaelhogarolavivienda,exceptomueblesdecocinas,closets y gabinetes para los baños'),
(350, 'C', 31, 0, 0, 2, 'Fabricación de muebles para oficinas y otros establecimientos de servicios'),
(351, 'C', 31, 0, 0, 3, 'Fabricación de muebles de cocinas, closets y gabinetes para los baños'),
(352, 'C', 31, 0, 0, 4, 'Fabricación de muebles especiales para locales comerciales'),
(353, 'C', 31, 0, 0, 5, 'Fabricación de colchones'),
(354, 'C', 31, 0, 0, 6, 'Acabado de muebles'),
(355, 'C', 31, 0, 0, 9, 'Fabricación de muebles n.c.p.'),
(356, 'C', 32, 1, 1, 0, 'Fabricación de joyas y artículos conexos'),
(357, 'C', 32, 1, 2, 0, 'Fabricación de bisutería y artículos conexos'),
(358, 'C', 32, 2, 0, 1, 'Fabricación de instrumentos musicales folklóricos'),
(359, 'C', 32, 2, 0, 2, 'Fabricación de otros instrumentos musicales, excepto los folklóricos'),
(360, 'C', 32, 3, 0, 0, 'Fabricación de artículos de deporte'),
(361, 'C', 32, 4, 0, 0, 'Fabricación de juegos y juguetes'),
(362, 'C', 32, 5, 0, 0, 'Fabricacióndeequipoyprótesismédicas,ortopédicas,odontológicasysimilares,excepto equipos electrónicos'),
(363, 'C', 32, 9, 0, 1, 'Fabricación de escobas y cepillos'),
(364, 'C', 32, 9, 0, 2, 'Fabricación de plumas, boligrafos y lápices'),
(365, 'C', 32, 9, 0, 3, 'Fabricación de velas y cirios'),
(366, 'C', 32, 9, 0, 4, 'Fabricación de ataudes y urnas'),
(367, 'C', 32, 9, 0, 9, 'Otras industrias manufactureras n.c.p.'),
(368, 'C', 33, 1, 1, 0, 'Reparación de productos elaborados de metal'),
(369, 'C', 33, 1, 2, 1, 'Reparación de maquinaria agrícola, forestal y de explotación maderera'),
(370, 'C', 33, 1, 2, 2, 'Reparación de maquinaria de la industria manufacturera'),
(371, 'C', 33, 1, 2, 4, 'Reparación de maquinaria de oficina y de uso comercial'),
(372, 'C', 33, 1, 2, 5, 'Reparaciónymantenimientodemaquinariaparalaminería,laconstrucción,laextracción de petróleo y la extracción de gas'),
(373, 'C', 33, 1, 2, 6, 'Reparación de maquinaria n.c.p.'),
(374, 'C', 33, 1, 3, 1, 'Reparación de equipo electrónico'),
(375, 'C', 33, 1, 3, 2, 'Reparación de equipo óptico'),
(376, 'C', 33, 1, 4, 0, 'Reparación de equipo eléctrico'),
(377, 'C', 33, 1, 5, 1, 'Reparación y mantenimiento de barcos, embarcaciones de trabajo y paseo'),
(378, 'C', 33, 1, 5, 2, 'Reparación y mantenimiento de aeronaves'),
(379, 'C', 33, 1, 5, 9, 'Reparación de equipo de transporte, excepto vehículos automotores n.c.p.'),
(380, 'C', 33, 1, 9, 0, 'Reparación de otros tipos de equipo'),
(381, 'C', 33, 2, 0, 0, 'Instalación de maquinaria y equipo industriales'),
(382, 'D', 35, 1, 0, 1, 'Generación y captación de energía eléctrica'),
(383, 'D', 35, 1, 0, 2, 'Distribución de energía eléctrica'),
(384, 'D', 35, 2, 0, 1, 'Producción de gas'),
(385, 'D', 35, 2, 0, 2, 'Distribución de combustibles gaseosos por tubería'),
(386, 'D', 35, 3, 0, 0, 'Suministro de vapor y de aire acondicionado'),
(387, 'E', 36, 0, 0, 1, 'Captación, depuración o purificación de agua'),
(388, 'E', 36, 0, 0, 2, 'Distribución de agua'),
(389, 'E', 37, 0, 0, 0, 'Evacuación de aguas residuales'),
(390, 'E', 38, 1, 1, 1, 'Recogida de papel y cartón'),
(391, 'E', 38, 1, 1, 2, 'Recogida de latas y material de aluminio'),
(392, 'E', 38, 1, 1, 3, 'Recogida de vidrios'),
(393, 'E', 38, 1, 1, 4, 'Recogida de caucho o neumáticos'),
(394, 'E', 38, 1, 1, 9, 'Recogida de otros desechos no peligrosos'),
(395, 'E', 38, 1, 2, 0, 'Recogida de desechos peligrosos'),
(396, 'E', 38, 2, 1, 0, 'Tratamiento y eliminación de desechos no peligrosos'),
(397, 'E', 38, 2, 2, 0, 'Tratamiento y eliminación de desechos peligrosos'),
(398, 'E', 38, 3, 0, 1, 'Procesamiento de papel y cartón recuperado'),
(399, 'E', 38, 3, 0, 2, 'Clasificación y nodulación de plásticos recuperado'),
(400, 'E', 38, 3, 0, 3, 'Trituración, limpieza y clasificación de desechos de vidrio'),
(401, 'E', 38, 3, 0, 4, 'Aplastamiento y compactación de desperdicios metálicos'),
(402, 'E', 38, 3, 0, 5, 'Reciclamiento de caucho'),
(403, 'E', 38, 3, 0, 9, 'Otras recuperadoras de materiales n.c.p.'),
(404, 'E', 39, 0, 0, 0, 'Actividades de descontaminación y otros servicios de gestión de desechos'),
(405, 'F', 41, 0, 0, 1, 'Construcción reforma y reparación de edificios residenciales'),
(406, 'F', 41, 0, 0, 2, 'Construcción reforma y reparación de edificios no residenciales'),
(407, 'F', 42, 1, 0, 0, 'Construcción de carreteras, vías de ferrocarril, puentes y túneles'),
(408, 'F', 42, 2, 0, 0, 'Construcción de proyectos de servicio público'),
(409, 'F', 42, 9, 0, 0, 'Construcción de otras obras de ingeniería civil'),
(410, 'F', 43, 1, 1, 0, 'Demolición'),
(411, 'F', 43, 1, 2, 0, 'Preparación del terreno'),
(412, 'F', 43, 2, 1, 0, 'Instalaciones eléctricas'),
(413, 'F', 43, 2, 2, 0, 'Instalaciones de plomería, calefacción y aire acondicionado'),
(414, 'F', 43, 2, 9, 0, 'Otras instalaciones para obras de construcción'),
(415, 'F', 43, 3, 0, 0, 'Terminación y acabado de edificios'),
(416, 'F', 43, 9, 0, 0, 'Otras actividades especializadas de construcción'),
(417, 'G', 45, 1, 0, 1, 'Venta al por mayor y al por menor de vehículos automotores nuevos'),
(418, 'G', 45, 1, 0, 2, 'Venta al por mayor y al por menor de vehículos automotores usados'),
(419, 'G', 45, 1, 0, 3, 'Venta al por mayor de chatarra y repuestos usados de automóviles (chiveras)'),
(420, 'G', 45, 2, 0, 1, 'Mantenimiento y reparación del motor y mecánica integral'),
(421, 'G', 45, 2, 0, 2, 'Reparaciones eléctricas, del tablero e instrumental; reparación y recarga de baterías (electroautos)'),
(422, 'G', 45, 2, 0, 3, 'Mantenimiento y reparación de cauchos (neumáticos), alineación de dirección y balanceo de ruedas'),
(423, 'G', 45, 2, 0, 4, 'Mantenimiento y reparación de frenos y tren delantero'),
(424, 'G', 45, 2, 0, 5, 'Instalación, mantenimiento y reparación de tubos de escape y silenciadores'),
(425, 'G', 45, 2, 0, 6, 'Reparación de latonería y pintura de carrocerías'),
(426, 'G', 45, 2, 0, 7, 'Instalacióndealarmas,cerraduras,yotrossistemasdeseguridad,equiposdesonidoy accesorios en general'),
(427, 'G', 45, 2, 0, 8, 'Lavado automático y manual'),
(428, 'G', 45, 2, 0, 9, 'Otros mantenimientos y reparaciones de vehículos automotores n.c.p.'),
(429, 'G', 45, 3, 0, 0, 'Venta de partes, piezas y accesorios para vehículos automotores'),
(430, 'G', 45, 4, 0, 0, 'Venta, mantenimiento y reparación de motocicletas y sus partes, piezas y accesorios'),
(431, 'G', 46, 1, 0, 1, 'Ventaalpormayoracambiodeunaretribuciónoporcontratadeproductosagrícolas'),
(432, 'G', 46, 1, 0, 2, 'Ventaalpormayoracambiodeunaretribuciónoporcontratadeproductospecuarios'),
(433, 'G', 46, 1, 0, 3, 'Ventaalpormayoracambiodeunaretribuciónoporcontratadealimentos,bebidas y tabaco'),
(434, 'G', 46, 1, 0, 4, 'Ventaalpormayoracambiodeunaretribuciónoporcontratadecombustibles,minerales, productos siderúrgicos y químicos'),
(435, 'G', 46, 1, 0, 9, 'Venta al por mayor a cambio de una retribución o por contrata de mercancías'),
(436, 'G', 46, 2, 0, 1, 'Venta al por mayor de animales vivos, pieles y cueros'),
(437, 'G', 46, 2, 0, 2, 'Venta al por mayor de cereales, granos y semillas y frutos oleaginosos'),
(438, 'G', 46, 2, 0, 9, 'Venta al por mayor de otras materias primas agropecuarias n.c.p.'),
(439, 'G', 46, 3, 1, 1, 'Ventaalpormayordecarne,productoscárnicos,avesdecorralyotrosanimalesdecaza menor'),
(440, 'G', 46, 3, 1, 2, 'Venta al por mayor de pescado, y otros productos de la pesca'),
(441, 'G', 46, 3, 1, 3, 'Venta al por mayor de embutidos, quesos y otros productos lácteos'),
(442, 'G', 46, 3, 1, 4, 'Venta al por mayor de frutas, legumbres y hortalizas'),
(443, 'G', 46, 3, 1, 5, 'Venta al por mayor de víveres en general'),
(444, 'G', 46, 3, 1, 6, 'Venta al por mayor de productos de confitería'),
(445, 'G', 46, 3, 1, 7, 'Ventaalpormayordemaníyotrosfrutossecos,granos,condimentos,hierbasyespecias'),
(446, 'G', 46, 3, 2, 0, 'Venta al mayor de alimentos para animales'),
(447, 'G', 46, 3, 3, 0, 'Venta al por mayor de tabaco y bebidas'),
(448, 'G', 46, 4, 1, 1, 'Venta al mayor de artículos de lencería para el hogar'),
(449, 'G', 46, 4, 1, 2, 'Venta al por mayor de artículos de mercería'),
(450, 'G', 46, 4, 1, 3, 'Ventaalpormayordeproductostextilesexceptolenceríasparaelhogaryartículosde mercerias'),
(451, 'G', 46, 4, 1, 4, 'Venta al por mayor de prendas de vestir'),
(452, 'G', 46, 4, 1, 5, 'Venta al por mayor de productos calzado'),
(453, 'G', 46, 4, 9, 1, 'Venta al por mayor de muebles y lámparas'),
(454, 'G', 46, 4, 9, 2, 'Venta al por mayor de electrodomésticos'),
(455, 'G', 46, 4, 9, 3, 'Venta al por mayor de aparatos electrónicos e instrumentos musicales'),
(456, 'G', 46, 4, 9, 4, 'Venta al por mayor de artículos de uso doméstico'),
(457, 'G', 46, 4, 9, 5, 'Venta al por mayor de productos farmacéuticos y perfumería'),
(458, 'G', 46, 4, 9, 6, 'Venta al por mayor de artículos de papelería'),
(459, 'G', 46, 4, 9, 7, 'Venta al por mayor de juguetes, artículos de deporte y esparcimiento'),
(460, 'G', 46, 4, 9, 9, 'Venta al por mayor de otros enseres domésticos n.c.p.'),
(461, 'G', 46, 5, 1, 0, 'Venta al por mayor de computadores, equipo periférico y programas informáticos'),
(462, 'G', 46, 5, 2, 0, 'Venta al por mayor de equipo, partes y piezas electrónicos y de telecomunicaciones'),
(463, 'G', 46, 5, 3, 0, 'Venta al por mayor de maquinaria, equipo y materiales agropecuarios'),
(464, 'G', 46, 5, 9, 1, 'Ventaalpormayordemaquinariayequipodeoficina,exceptocomputadoresyequipo periférico'),
(465, 'G', 46, 5, 9, 2, 'Ventaalpormayordemáquinas,equiposeimplementosdeusoenlaelaboraciónde alimentos, bebidas y tabaco'),
(466, 'G', 46, 5, 9, 3, 'Ventaalpormayordemáquinas,equiposeimplementosdeusoenlafabricacióndetextiles,prendasyaccesoriosdevestir,calzado,artículosdecueroymarroquinería'),
(467, 'G', 46, 5, 9, 4, 'Ventaalpormayordemáquinas,equiposeimplementosdeusoenimprentas,artesgráficas y actividades conexas'),
(468, 'G', 46, 5, 9, 5, 'Ventaalpormayordemáquinas,equiposeimplementosdeusomédicoyparamédico'),
(469, 'G', 46, 5, 9, 6, 'Ventaalpormayordemáquinas,equiposeimplementosdeusoenlaindustriadelplástico y el caucho'),
(470, 'G', 46, 5, 9, 9, 'Venta al por mayor de máquinas, equipos e implementos de uso especial n.c.p.'),
(471, 'G', 46, 6, 1, 0, 'Ventaalpormayordecombustiblessólidos,líquidosygaseososyproductosconexos'),
(472, 'G', 46, 6, 2, 0, 'Venta al por mayor de metales y minerales metalíferos'),
(473, 'G', 46, 6, 3, 1, 'Venta al por mayor de madera no trabajada y productos primarios de la madera'),
(474, 'G', 46, 6, 3, 2, 'Venta al por mayor de materiales de construcción'),
(475, 'G', 46, 6, 3, 9, 'Ventaalpormayordeartículosdeferretería,equipo,materialesdefontaneríay'),
(476, 'G', 46, 6, 9, 1, 'Venta al por mayor de materiales plásticos en formas primarias'),
(477, 'G', 46, 6, 9, 2, 'Venta al por mayor de sustancias químicas industriales'),
(478, 'G', 46, 6, 9, 3, 'Venta al por mayor de abonos y productos químicos de uso agrícola'),
(479, 'G', 46, 6, 9, 9, 'Ventaalpormayordedesperdicios,desechos,chatarra(exceptodeautomóviles)yotros productos n.c.p.'),
(480, 'G', 46, 9, 0, 0, 'Venta al por mayor no especializada'),
(481, 'G', 47, 1, 1, 1, 'Ventaalpormenorencomerciosnoespecializadosconpredominiodelaventadealimentos, bebidas o tabaco en abastos y bodegas'),
(482, 'G', 47, 1, 1, 2, 'Ventaalpormenorencomerciosnoespecializadosconpredominiodelaventadealimentos, bebidas o tabaco en supermercados'),
(483, 'G', 47, 1, 1, 3, 'Ventaalpormenorencomerciosnoespecializadosconpredominiodelaventadealimentos, bebidas o tabaco en hipermercados'),
(484, 'G', 47, 1, 9, 0, 'Otras actividades de venta al por menor en comercios no especializados'),
(485, 'G', 47, 2, 1, 1, 'Ventaalpormenordecarne,productoscárnicos,avesdecorralyotrosanimalesdecaza menor (carnicerías)'),
(486, 'G', 47, 2, 1, 2, 'Venta al por menor de pescado, y otros productos de la pesca (pescaderías)'),
(487, 'G', 47, 2, 1, 3, 'Venta al por menor de embutidos, quesos y otros productos lácteos (charcuterías)'),
(488, 'G', 47, 2, 1, 4, 'Venta al por menor de frutas, legumbres y hortalizas (fruterías)'),
(489, 'G', 47, 2, 1, 5, 'Venta al por menor de productos de panadería, confitería y pastelería'),
(490, 'G', 47, 2, 1, 9, 'Ventas de otros productos alimenticios n.c.p.'),
(491, 'G', 47, 2, 2, 0, 'Ventaalpormenordebebidasencomerciosespecializados(licorerías,depósitosdelicores, etc.)'),
(492, 'G', 47, 2, 3, 0, 'Venta al por menor de productos de tabaco en comercios especializados'),
(493, 'G', 47, 3, 0, 1, 'Ventaalpormenordecombustiblesparavehículosautomotoresymotocicletas(estaciones de servicios, bombas de gasolinas, etcétera)'),
(494, 'G', 47, 3, 0, 2, 'Ventaalpormenordeproductoslubricantesyrefrigerantesparavehículoautomotores'),
(495, 'G', 47, 4, 1, 0, 'Venta al por menor de computadoras, equipo periférico, programas informáticos y equipo de telecomunicaciones en comercios especializados'),
(496, 'G', 47, 4, 2, 0, 'Venta al por menor de equipo de sonido y de vídeo en comercios especializados'),
(497, 'G', 47, 5, 1, 1, 'Venta al por menor de productos textiles en comercios especializados'),
(498, 'G', 47, 5, 1, 2, 'Venta al por menor de confecciones para el hogar'),
(499, 'G', 47, 5, 2, 1, 'Venta al por menor de artículos de ferretería (ferreterías)'),
(500, 'G', 47, 5, 2, 2, 'Venta al por menor de pinturas en comercios especializados'),
(501, 'G', 47, 5, 2, 3, 'Ventaalpormenordeproductosdevidrioencomerciosespecializados(cristaleríasy vidrierías)'),
(502, 'G', 47, 5, 2, 9, 'Ventaalpormenordematerialyequipodebricolaje,herramientasmenoresysaunas n.c.p.'),
(503, 'G', 47, 5, 3, 0, 'Ventaalpormenordetapices,alfombrasycubrimientosparaparedesypisosencomercios especializados'),
(504, 'G', 47, 5, 9, 1, 'Venta al por menor de muebles, colchones y lámparas'),
(505, 'G', 47, 5, 9, 2, 'Venta al por menor de electrodomésticos'),
(506, 'G', 47, 5, 9, 3, 'Venta al por menor de artículos de cocina y ornamento'),
(507, 'G', 47, 5, 9, 4, 'Venta al por menor de instrumentos musicales'),
(508, 'G', 47, 5, 9, 5, 'Venta al por menor de sistemas de seguridad'),
(509, 'G', 47, 5, 9, 9, 'Ventaalpormenordeaparatoseléctricosdeusodoméstico,muebles,equipodeiluminación y otros enseres domésticos en comercios especializados n.c.p.'),
(510, 'G', 47, 6, 1, 1, 'Venta al por menor de libros (librerías)'),
(511, 'G', 47, 6, 1, 2, 'Venta al por menor de artículos de papelería en comercios especializados'),
(512, 'G', 47, 6, 1, 3, 'Venta al por menor de periódicos y revistas'),
(513, 'G', 47, 6, 2, 0, 'Ventaalpormenordegrabacionesdemúsicaydevídeoencomerciosespecializados'),
(514, 'G', 47, 6, 3, 0, 'Venta al por menor de equipo de deporte en comercios especializados'),
(515, 'G', 47, 6, 4, 0, 'Venta al por menor de juegos y juguetes en comercios especializados'),
(516, 'G', 47, 7, 1, 1, 'Ventaalpormenordeprendasdevestiryartículosdecueroencomerciosespecializados'),
(517, 'G', 47, 7, 1, 2, 'Venta al por menor de ropa interior, medias, prendas para dormir y trajes de baño'),
(518, 'G', 47, 7, 1, 3, 'Venta al por menor de indumentaria de trabajo, uniformes'),
(519, 'G', 47, 7, 1, 4, 'Venta al por menor de ropa para bebés y niños'),
(520, 'G', 47, 7, 1, 5, 'Venta al por menor de calzado (zapaterías)'),
(521, 'G', 47, 7, 2, 1, 'Ventaalpormenordeproductosfarmacéuticosymedicinalesencomerciosespecializados (farmacias)'),
(522, 'G', 47, 7, 2, 2, 'Ventaalpormenordeproductosfarmacéuticosymedicinalesdeorigennaturalencomercios especializados (tiendas naturistas)'),
(523, 'G', 47, 7, 2, 3, 'Ventaalpormenordeproductoscosméticos,artículosdetocadoryperfumeríaencomercios especializados (perfumerías)'),
(524, 'G', 47, 7, 2, 9, 'Ventaalpormenordeinstrumentalmédicoyodontológicoyartículosortopédicosen comercios especializados y otros n.c.p.'),
(525, 'G', 47, 7, 3, 1, 'Venta al por menor de equipo fotográfico, óptico y de precisión'),
(526, 'G', 47, 7, 3, 2, 'Actividades de ópticas'),
(527, 'G', 47, 7, 3, 3, 'Venta al por menor de relojes y joyas (joyerías y relojerías)'),
(528, 'G', 47, 7, 3, 4, 'Venta al por menor de flores, arreglos florales y arreglos frutales (floristerías)'),
(529, 'G', 47, 7, 3, 5, 'Venta al por menor de plantas ornamentales (viveros)'),
(530, 'G', 47, 7, 3, 6, 'Ventaalpormenordeartículosreligiosos,esotéricosydesanterías,fantasíasysouvenirs'),
(531, 'G', 47, 7, 3, 7, 'Actividades de galerías de arte comerciales'),
(532, 'G', 47, 7, 3, 9, 'Venta al por menor de otros productos nuevos en comercios especializados n.c.p.'),
(533, 'G', 47, 7, 4, 0, 'Venta al por menor de artículos de segunda mano'),
(534, 'G', 47, 8, 1, 0, 'Venta al por menor de alimentos, bebidas y tabaco en puestos de venta y mercados'),
(535, 'G', 47, 8, 2, 0, 'Ventaalpormenordeproductostextiles,prendasdevestirycalzadoenpuestosdeventa y mercados'),
(536, 'G', 47, 8, 9, 0, 'Venta al por menor de otros productos en puestos de venta y mercados'),
(537, 'G', 47, 9, 1, 0, 'Venta al por menor por correo y por Internet'),
(538, 'G', 47, 9, 9, 0, 'Otrasactividadesdeventaalpormenornorealizadasencomercios,puestosdeventa o mercados'),
(539, 'H', 49, 1, 1, 0, 'Transporte interurbano de pasajeros por ferrocarril'),
(540, 'H', 49, 1, 2, 0, 'Transporte de carga por ferrocarril'),
(541, 'H', 49, 2, 1, 1, 'Serviciodetransportedepasajerosenmetro,metrobusyfuniculardetransporteurbano'),
(542, 'H', 49, 2, 1, 2, 'Servicio de transporte de pasajeros por sistemas de transportes urbanos y suburbanos'),
(543, 'H', 49, 2, 2, 1, 'Servicio de transporte terrestre de pasajeros en taxi y mototaxi'),
(544, 'H', 49, 2, 2, 2, 'Servicio de alquiler de vehículos comerciales con conductor'),
(545, 'H', 49, 2, 2, 3, 'Servicio de transporte para excursiones turísticas'),
(546, 'H', 49, 2, 2, 4, 'Servicio de transporte terrestre de pasajeros de larga distancia regulares'),
(547, 'H', 49, 2, 2, 9, 'Otros tipos de transportes por vía terrestres de pasajeros n.c.p.'),
(548, 'H', 49, 2, 3, 1, 'Servicio de transporte terrestre de carga interestatal e internacional'),
(549, 'H', 49, 2, 3, 2, 'Servicios de mudanza y fletes a corta distancia'),
(550, 'H', 49, 2, 3, 9, 'Otros tipos de transporte terrestre por carreteras n.c.p.'),
(551, 'H', 49, 3, 0, 0, 'Transporte por tuberías'),
(552, 'H', 50, 1, 1, 0, 'Transporte de pasajeros marítimo y de cabotaje'),
(553, 'H', 50, 1, 2, 0, 'Transporte de carga marítimo y de cabotaje'),
(554, 'H', 50, 2, 1, 0, 'Transporte de pasajeros por vías de navegación interiores'),
(555, 'H', 50, 2, 2, 0, 'Transporte de carga por vías de navegación interiores'),
(556, 'H', 51, 1, 0, 0, 'Transporte de pasajeros por vía aérea'),
(557, 'H', 51, 2, 0, 0, 'Transporte de carga por vía aérea'),
(558, 'H', 52, 1, 0, 1, 'Servicios de almacenamiento y depósito de granos'),
(559, 'H', 52, 1, 0, 2, 'Servicios de almacenamiento de artículos congelados o refrigerados'),
(560, 'H', 52, 1, 0, 3, 'Servicios de almacenamiento de líquidos o gases'),
(561, 'H', 52, 1, 0, 9, 'Otros servicios de almacenamiento n.c.p.'),
(562, 'H', 52, 2, 1, 1, 'Servicios de estacionamientos y garajes'),
(563, 'H', 52, 2, 1, 9, 'Otras actividades de transporte terrestre complementarias n.c.p.'),
(564, 'H', 52, 2, 2, 0, 'Actividades de servicios vinculadas al transporte acuático'),
(565, 'H', 52, 2, 3, 0, 'Actividades de servicios vinculadas al transporte aéreo'),
(566, 'H', 52, 2, 4, 0, 'Manipulación de la carga'),
(567, 'H', 52, 2, 9, 1, 'Actividades de agencias de aduana (comercio exterior de mercancías)'),
(568, 'H', 52, 2, 9, 9, 'Actividades de otras agencias de transporte'),
(569, 'H', 53, 1, 0, 0, 'Actividades postales'),
(570, 'H', 53, 2, 0, 0, 'Actividades de mensajería'),
(571, 'I', 55, 1, 0, 1, 'Actividades de alojamiento en hoteles'),
(572, 'I', 55, 1, 0, 2, 'Actividades de alojamiento en posadas y pensiones'),
(573, 'I', 55, 1, 0, 9, 'Otros alojamientos de corto plazo'),
(574, 'I', 55, 2, 0, 0, 'Actividadesdecampamentos,parquesdevehículosderecreoyparquesdecaravanas'),
(575, 'I', 55, 9, 0, 0, 'Otras actividades de alojamiento'),
(576, 'I', 56, 1, 0, 1, 'Servicios de restaurantes'),
(577, 'I', 56, 1, 0, 2, 'Servicios de cafeterías, luncherías y areperas'),
(578, 'I', 56, 1, 0, 3, 'Servicios de restaurantes de comidas rápidas'),
(579, 'I', 56, 1, 0, 4, 'Servicios de reparto de comida a domicilio'),
(580, 'I', 56, 1, 0, 5, 'Servicios de comidas en puestos ambulantes'),
(581, 'I', 56, 1, 0, 6, 'Servicios de comida en puestos de mercado'),
(582, 'I', 56, 1, 0, 7, 'Servicios de expendio de helados y cepillados'),
(583, 'I', 56, 1, 0, 9, 'Actividades de restaurantes n.c.p.'),
(584, 'I', 56, 2, 1, 0, 'Suministro de comidas por encargo'),
(585, 'I', 56, 2, 9, 1, 'Actividades de servicio de comidas por contratistas para empresas de transporte'),
(586, 'I', 56, 2, 9, 2, 'Actividadesdeserviciodecomidasencantinasocafeteríasenrégimendeconcesión'),
(587, 'I', 56, 2, 9, 3, 'Actividadesdeserviciodecomidaseninstalacionesdeportivaseinstalacionessimilares en régimen de concesión'),
(588, 'I', 56, 3, 0, 1, 'Actividades de servicio de bebidas bares, tascas, discotecas y cervecerías'),
(589, 'I', 56, 3, 0, 2, 'Servicios de bebidas ambulantes'),
(590, 'I', 56, 3, 0, 9, 'Actividades de servicio de bebidas n.c.p.'),
(591, 'J', 58, 1, 1, 0, 'Edición de libros'),
(592, 'J', 58, 1, 2, 0, 'Edición de directorios y listas de correos'),
(593, 'J', 58, 1, 3, 0, 'Edición de periódicos, revistas y otras publicaciones periódicas'),
(594, 'J', 58, 1, 9, 0, 'Otras actividades de edición'),
(595, 'J', 58, 2, 0, 0, 'Edición de programas informáticos'),
(596, 'J', 59, 1, 1, 0, 'Actividades cinematográficas, videos y programas de televisión'),
(597, 'J', 59, 1, 2, 0, 'Actividades de postproducción de películas, videos y programas de televisión'),
(598, 'J', 59, 1, 3, 0, 'Actividades de distribución de películas, videos y programas de televisión'),
(599, 'J', 59, 1, 4, 0, 'Actividades de proyección de películas'),
(600, 'J', 59, 2, 0, 0, 'Actividades de grabación de sonido y edición de música'),
(601, 'J', 60, 1, 0, 0, 'Actividades programación y difusión de radio'),
(602, 'J', 60, 2, 0, 0, 'Programación y transmisiones de televisión'),
(603, 'J', 61, 1, 0, 0, 'Actividades de telecomunicaciones alámbricas'),
(604, 'J', 61, 2, 0, 0, 'Actividades de telecomunicaciones inalámbricas'),
(605, 'J', 61, 3, 0, 0, 'Actividades de telecomunicaciones por satélite'),
(606, 'J', 61, 9, 0, 0, 'Otras actividades de telecomunicación n.c.p.'),
(607, 'J', 62, 0, 1, 0, 'Actividades de programación, consultoría informática y actividades conexas'),
(608, 'J', 62, 0, 2, 0, 'Actividades de consultoría informática y de gestión de instalaciones informáticas'),
(609, 'J', 62, 0, 9, 0, 'Otras actividades de tecnología de la información y de servicios informáticos n.c.p.'),
(610, 'J', 63, 1, 1, 0, 'Procesamiento de datos, hosting y actividades conexas'),
(611, 'J', 63, 1, 2, 0, 'Portales Web'),
(612, 'J', 63, 9, 1, 0, 'Actividades de agencias de noticias'),
(613, 'J', 63, 9, 9, 0, 'Otros servicios de información n.c.p.'),
(614, 'K', 64, 1, 1, 0, 'Servicios del Banco Central'),
(615, 'K', 64, 1, 9, 1, 'Servicios del sector bancario'),
(616, 'K', 64, 1, 9, 2, 'Actividades de fondos y cajas de ahorro'),
(617, 'K', 64, 1, 9, 3, 'Servicios de la banca comunal'),
(618, 'K', 64, 1, 9, 4, 'Servicios de cooperativas de crédito'),
(619, 'K', 64, 1, 9, 5, 'Servicios de casas de cambio y operador cambiario fronterizo'),
(620, 'K', 64, 1, 9, 6, 'Servicios de sociedades de garantías reciprocas'),
(621, 'K', 64, 1, 9, 9, 'Otros tipos de intermediación financiera n.c.p.'),
(622, 'K', 64, 2, 0, 0, 'Actividades de sociedades de cartera'),
(623, 'K', 64, 3, 0, 0, 'Fondos y sociedades de inversión'),
(624, 'K', 64, 9, 1, 0, 'Otras actividades crediticias'),
(625, 'K', 64, 9, 9, 0, 'Otras actividades de servicios financieros n.c.p.'),
(626, 'K', 65, 1, 1, 1, 'Servicios de seguros de vida'),
(627, 'K', 65, 1, 1, 2, 'Servicios de seguros de Hospitalización, Cirugía y Maternidad'),
(628, 'K', 65, 1, 1, 3, 'Servicios de seguros de accidentes personales'),
(629, 'K', 65, 1, 1, 4, 'Servicio de medicina prepagada'),
(630, 'K', 65, 1, 1, 5, 'Servicios de seguro del viajero'),
(631, 'K', 65, 1, 1, 6, 'Servicios de seguros funerarios'),
(632, 'K', 65, 1, 1, 9, 'Otros servicios de seguros de personas n.c.p.'),
(633, 'K', 65, 1, 2, 1, 'Servicios de seguros patrimoniales'),
(634, 'K', 65, 1, 2, 2, 'Servicios de seguros de obligación y/o responsabilidad'),
(635, 'K', 65, 2, 0, 0, 'Reaseguros'),
(636, 'K', 65, 3, 0, 0, 'Fondos de pensiones');
INSERT INTO `rama` (`id`, `codigo_seccion`, `codigo_division`, `codigo_grupo`, `codigo_clase`, `codigo_rama`, `rama`) VALUES
(637, 'K', 66, 1, 1, 0, 'Administración de mercados financieros'),
(638, 'K', 66, 1, 2, 0, 'Corretaje de valores y de contratos de productos básicos'),
(639, 'K', 66, 1, 3, 0, 'Otras actividades auxiliares de las actividades de servicios financieros'),
(640, 'K', 66, 2, 1, 0, 'Evaluación de riesgos y daños'),
(641, 'K', 66, 2, 2, 1, 'Servicios de agentes de seguros'),
(642, 'K', 66, 2, 2, 2, 'Servicios de corredores de seguros y medicina prepagada'),
(643, 'K', 66, 2, 2, 3, 'Servicios de sociedades de corretaje de seguros y reaseguros'),
(644, 'K', 66, 2, 3, 0, 'Servicios de empresas financiadoras de primas'),
(645, 'K', 66, 2, 9, 0, 'Otras actividades auxiliares de las actividades de seguros y fondos de pensiones'),
(646, 'K', 66, 3, 0, 0, 'Actividades de gestión de fondos'),
(647, 'L', 68, 1, 0, 0, 'Actividades inmobiliarias realizadas con bienes propios o arrendados'),
(648, 'L', 68, 2, 0, 0, 'Actividades inmobiliarias realizadas a cambio de una retribución o por contrata'),
(649, 'M', 69, 1, 0, 0, 'Actividades jurídicas'),
(650, 'M', 69, 2, 0, 0, 'Actividades de contabilidad, teneduría de libros y auditoría; consultoría fiscal'),
(651, 'M', 70, 1, 0, 0, 'Actividades de oficinas centrales'),
(652, 'M', 70, 2, 0, 0, 'Actividades de consultoría de gestión empresarial'),
(653, 'M', 71, 1, 0, 1, 'Servicios de arquitectura'),
(654, 'M', 71, 1, 0, 2, 'Servicios de ingeniería'),
(655, 'M', 71, 1, 0, 9, 'Otras actividades técnicas y conexas'),
(656, 'M', 71, 2, 0, 0, 'Ensayos y análisis técnicos'),
(657, 'M', 72, 1, 0, 0, 'Investigacionesydesarrolloexperimentalenelcampodelascienciasnaturalesylaingeniería'),
(658, 'M', 72, 2, 0, 0, 'Investigacionesydesarrolloexperimentalenelcampodelascienciassocialesylashumanidades'),
(659, 'M', 73, 1, 0, 1, 'Publicidad'),
(660, 'M', 73, 1, 0, 2, 'Servicios de ventas y provisión de tiempo y espacio publicitario'),
(661, 'M', 73, 2, 0, 0, 'Estudios de mercado y encuestas de opinión pública'),
(662, 'M', 74, 1, 0, 1, 'Servicios de diseño gráfico'),
(663, 'M', 74, 1, 0, 2, 'Servicios de diseño industrial'),
(664, 'M', 74, 1, 0, 3, 'Servicios de decoración y de diseño interiores'),
(665, 'M', 74, 1, 0, 9, 'Otras actividades especializadas de diseño'),
(666, 'M', 74, 2, 0, 1, 'Servicios de fotografía social'),
(667, 'M', 74, 2, 0, 2, 'Servicios de fotografía comercial y/o publicitaria'),
(668, 'M', 74, 2, 0, 9, 'Otras actividades de fotografía'),
(669, 'M', 74, 9, 0, 0, 'Otras actividades profesionales, científicas y técnicas n.c.p.'),
(670, 'M', 75, 0, 0, 1, 'Actividades veterinarias'),
(671, 'M', 75, 0, 0, 2, 'Servicios veterinarios para animales domésticos y de compañía'),
(672, 'M', 75, 0, 0, 9, 'Servicios veterinarios n.c.p.'),
(673, 'N', 77, 1, 0, 0, 'Alquiler y arrendamiento de vehículos automotores'),
(674, 'N', 77, 2, 1, 0, 'Alquiler y arrendamiento de equipo recreativo y deportivo'),
(675, 'N', 77, 2, 2, 0, 'Alquiler de cintas de video y discos'),
(676, 'N', 77, 2, 9, 0, 'Alquiler y arrendamiento de otros efectos personales y enseres domésticos'),
(677, 'N', 77, 3, 0, 1, 'Alquiler y arrendamiento de maquinaria manufacturera sin operario'),
(678, 'N', 77, 3, 0, 2, 'Alquiler y arrendamiento de equipo agrícola sin operario'),
(679, 'N', 77, 3, 0, 3, 'Alquiler y arrendamiento de equipo de construcción sin operario'),
(680, 'N', 77, 3, 0, 4, 'Alquileryarrendamientodeequipocontable,decomputaciónydeoficinasinoperario'),
(681, 'N', 77, 3, 0, 9, 'Alquileryarrendamientodeotrotipodemaquinaria,equipoymercancíastangiblesn.c.p.'),
(682, 'N', 77, 4, 0, 1, 'Servicio de franquicia'),
(683, 'N', 77, 4, 0, 2, 'Servicios de permisos de explotación y evaluación de recursos naturales'),
(684, 'N', 77, 4, 0, 9, 'Serviciosdepropiedadintelectualyotrosserviciosdeactivosintangiblesn.c.pexcepto financieros'),
(685, 'N', 78, 1, 0, 0, 'Actividades de agencias de empleo'),
(686, 'N', 78, 2, 0, 0, 'Actividades de agencias de empleo temporal'),
(687, 'N', 78, 3, 0, 0, 'Otras actividades de dotación de recursos humanos'),
(688, 'N', 79, 1, 1, 0, 'Actividades de agencias de viajes'),
(689, 'N', 79, 1, 2, 0, 'Actividades de operadores turísticos'),
(690, 'N', 79, 9, 0, 0, 'Otros servicios de reservas y actividades conexas'),
(691, 'N', 80, 1, 0, 1, 'Servicios de transporte de dinero y artículos valiosos'),
(692, 'N', 80, 1, 0, 2, 'Servicios de guardias de seguridad sin monitoreo electrónico'),
(693, 'N', 80, 1, 0, 9, 'Otras actividades de seguridad e investigación n.c.p.'),
(694, 'N', 80, 2, 0, 0, 'Actividades de servicios de sistemas de seguridad'),
(695, 'N', 80, 3, 0, 0, 'Actividades de investigación'),
(696, 'N', 81, 1, 0, 0, 'Actividades combinadas de apoyo a instalaciones'),
(697, 'N', 81, 2, 1, 0, 'Limpieza general de edificios'),
(698, 'N', 81, 2, 9, 0, 'Otras actividades de limpieza de edificios e instalaciones industriales'),
(699, 'N', 81, 3, 0, 1, 'Servicio de jardinería'),
(700, 'N', 81, 3, 0, 2, 'Servicio de limpieza de piscinas'),
(701, 'N', 81, 3, 0, 9, 'Otras actividades de servicio de mantenimiento y cuidado de paisajes n.c.p.'),
(702, 'N', 82, 1, 1, 0, 'Actividades combinadas de servicios administrativos de oficina'),
(703, 'N', 82, 1, 9, 0, 'Fotocopiado,preparacióndedocumentosyotrasactividadesespecializadasdeapoyo de oficina'),
(704, 'N', 82, 2, 0, 0, 'Actividades de centros de llamadas'),
(705, 'N', 82, 3, 0, 0, 'Organización de convenciones y exposiciones comerciales'),
(706, 'N', 82, 9, 1, 1, 'Actividades de agencias de cobro'),
(707, 'N', 82, 9, 1, 2, 'Agencias de calificación crediticia'),
(708, 'N', 82, 9, 2, 0, 'Actividades de envasado y empaquetado'),
(709, 'N', 82, 9, 9, 0, 'Otras actividades de servicios de apoyo a las empresas n.c.p.'),
(710, 'O', 84, 1, 1, 1, 'Actividades de la administración pública en general'),
(711, 'O', 84, 1, 1, 2, 'Actividades de la administración pública con función tributaria y aduanera'),
(712, 'O', 84, 1, 1, 3, 'Actividades de la administración pública con función contralora'),
(713, 'O', 84, 1, 2, 0, 'Regulacióndelasactividadesdeorganismosqueprestanserviciossanitarios,educativos,culturalesyotrosserviciossociales,exceptoserviciosdeseguridadsocial'),
(714, 'O', 84, 1, 3, 0, 'Regulación y facilitación de la actividad económica'),
(715, 'O', 84, 2, 1, 0, 'Relaciones exteriores'),
(716, 'O', 84, 2, 2, 0, 'Actividades de defensa'),
(717, 'O', 84, 2, 3, 1, 'Actividades de orden público y seguridad y protección civil'),
(718, 'O', 84, 2, 3, 2, 'Actividades judiciales'),
(719, 'O', 84, 3, 0, 0, 'Actividades de planes de seguridad social de afiliación obligatoria'),
(720, 'P', 85, 1, 0, 1, 'Educación maternal y preescolar'),
(721, 'P', 85, 1, 0, 2, 'Educación primaria'),
(722, 'P', 85, 1, 0, 3, 'Misión Robinson I'),
(723, 'P', 85, 1, 0, 4, 'Misión Robinson II'),
(724, 'P', 85, 2, 1, 1, 'Educación media de formación general'),
(725, 'P', 85, 2, 1, 2, 'Misión Ribas'),
(726, 'P', 85, 2, 2, 0, 'Educación de formación técnica y profesional'),
(727, 'P', 85, 3, 0, 1, 'Educación técnica superior universitaria'),
(728, 'P', 85, 3, 0, 2, 'Educación superior universitaria'),
(729, 'P', 85, 3, 0, 3, 'Educación superior de post grados'),
(730, 'P', 85, 3, 0, 4, 'Misión Sucre'),
(731, 'P', 85, 4, 1, 0, 'Enseñanza deportiva y recreativa'),
(732, 'P', 85, 4, 2, 0, 'Enseñanza cultural'),
(733, 'P', 85, 4, 9, 0, 'Otros tipos de enseñanza n.c.p.'),
(734, 'P', 85, 5, 0, 0, 'Actividades de apoyo a la enseñanza'),
(735, 'Q', 86, 1, 0, 1, 'Actividades de hospitales'),
(736, 'Q', 86, 1, 0, 2, 'Servicios de salud en módulos y ambulatorios de la misión barrio adentro'),
(737, 'Q', 86, 1, 0, 3, 'Servicios de salud en centros de diagnóstico integral, CDI'),
(738, 'Q', 86, 1, 0, 4, 'Servicios de salud en salas de rehabilitación integral, SRI'),
(739, 'Q', 86, 2, 0, 1, 'Servicios de médicos en consultorios'),
(740, 'Q', 86, 2, 0, 2, 'Servicios de atención médica y vacunación'),
(741, 'Q', 86, 2, 0, 3, 'Servicios odontológicos en consultorios'),
(742, 'Q', 86, 2, 0, 4, 'Servicios odontológicos comunitarios a través de misiones'),
(743, 'Q', 86, 2, 0, 5, 'Servicios oftalmológicos en consultorios'),
(744, 'Q', 86, 2, 0, 6, 'Servicios oftalmológicos comunitarios a través de misiones'),
(745, 'Q', 86, 2, 0, 7, 'Servicios psiquiátricos y psicológicos en consultorios'),
(746, 'Q', 86, 2, 0, 8, 'Servicios nutricionista y dietéticos en consultorios'),
(747, 'Q', 86, 3, 0, 1, 'Servicios de diagnóstico en laboratorios de análisis clínicos'),
(748, 'Q', 86, 3, 0, 2, 'Servicios de diagnóstico por imagen'),
(749, 'Q', 86, 3, 0, 9, 'Otros servicios de diagnóstico n.c.p.'),
(750, 'Q', 86, 9, 0, 1, 'Servicios de recogida, conservación y resguardo de elementos biológicos humanos'),
(751, 'Q', 86, 9, 0, 2, 'Servicios de apoyo terapéutico'),
(752, 'Q', 86, 9, 0, 3, 'Servicios de traslado de pacientes'),
(753, 'Q', 86, 9, 0, 9, 'Otros servicios relacionados con la salud humana n.c.p.'),
(754, 'Q', 87, 1, 0, 0, 'Servicios sociales con alojamiento relacionados con atención a la salud'),
(755, 'Q', 87, 2, 0, 1, 'Serviciossocialesconalojamientoparapersonascondiscapacidadintelectual,enfermedad mental o adicciones'),
(756, 'Q', 87, 2, 0, 2, 'Servicios sociales con alojamiento para personas a través de las misiones'),
(757, 'Q', 87, 3, 0, 1, 'Servicios sociales con alojamiento para personas mayores'),
(758, 'Q', 87, 3, 0, 2, 'Servicios sociales con alojamiento para personas con discapacidad'),
(759, 'Q', 87, 9, 0, 0, 'Otros servicios sociales con alojamiento n.c.p.'),
(760, 'Q', 88, 1, 0, 0, 'Serviciossocialessinalojamientoparapersonasmayoresypersonascondiscapacidad'),
(761, 'Q', 88, 9, 1, 0, 'Servicios de atención a niños, niñas y adolescentes'),
(762, 'Q', 88, 9, 2, 0, 'Servicios de atención a personas y familias'),
(763, 'Q', 88, 9, 3, 0, 'Servicios comunitarios de alimentación'),
(764, 'Q', 88, 9, 4, 0, 'Actividades de emergencia y socorro'),
(765, 'Q', 88, 9, 5, 0, 'Actividadesdebeneficenciayotrasactividadesdeapoyoconfinesdeasistenciasocial'),
(766, 'Q', 88, 9, 9, 0, 'Otras actividades de asistencia social sin alojamiento n.c.p.'),
(767, 'R', 90, 0, 0, 0, 'Actividades creativas, artísticas y de entretenimiento'),
(768, 'R', 91, 0, 1, 0, 'Actividades de bibliotecas y archivos'),
(769, 'R', 91, 0, 2, 0, 'Actividades de museos y gestión de lugares y edificios históricos'),
(770, 'R', 91, 0, 3, 0, 'Actividades de jardines botánicos y zoológicos y reservas naturales'),
(771, 'R', 92, 0, 0, 1, 'Actividad de los casinos'),
(772, 'R', 92, 0, 0, 2, 'Actividades de agencias de loterías (venta de billetes y números)'),
(773, 'R', 92, 0, 0, 3, 'Actividades de centros de apuestas'),
(774, 'R', 93, 1, 1, 0, 'Gestión de instalaciones deportivas'),
(775, 'R', 93, 1, 2, 0, 'Actividades de clubes deportivos'),
(776, 'R', 93, 1, 9, 0, 'Otras actividades deportivas n.c.p.'),
(777, 'R', 93, 2, 1, 0, 'Actividades de parques de atracciones y parques temáticos'),
(778, 'R', 93, 2, 9, 0, 'Otras actividades de esparcimiento y recreativas n.c.p.'),
(779, 'S', 94, 1, 1, 0, 'Actividades de asociaciones empresariales y de empleadores'),
(780, 'S', 94, 1, 2, 0, 'Actividades de asociaciones profesionales'),
(781, 'S', 94, 2, 0, 0, 'Actividades de sindicatos'),
(782, 'S', 94, 9, 1, 0, 'Actividades de organizaciones religiosas'),
(783, 'S', 94, 9, 2, 0, 'Actividades de organizaciones políticas'),
(784, 'S', 94, 9, 9, 0, 'Actividades de otras asociaciones n.c.p.'),
(785, 'S', 95, 1, 1, 0, 'Reparación de computadores y equipo periférico'),
(786, 'S', 95, 1, 2, 0, 'Reparación de equipo de comunicaciones'),
(787, 'S', 95, 2, 1, 0, 'Reparación de aparatos electrónicos de consumo'),
(788, 'S', 95, 2, 2, 0, 'Reparación de aparatos de uso doméstico y equipo doméstico y de jardinería'),
(789, 'S', 95, 2, 3, 0, 'Reparación de calzado y de artículos de cuero'),
(790, 'S', 95, 2, 4, 0, 'Reparación de muebles y accesorios domésticos'),
(791, 'S', 95, 2, 9, 0, 'Reparación de efectos personales y enseres domésticos n.c.p.'),
(792, 'S', 96, 0, 1, 0, 'Lavadoylimpieza,incluidalalimpiezaenseco,deproductostextilesydepiel(tintorerías)'),
(793, 'S', 96, 0, 2, 0, 'Peluquería y otros tratamientos de belleza'),
(794, 'S', 96, 0, 3, 1, 'Actividades de funerarías y capillas velatorias'),
(795, 'S', 96, 0, 3, 2, 'Actividades de cementerios y camposantos'),
(796, 'S', 96, 0, 9, 0, 'Otras actividades de servicios personales n.c.p.'),
(797, 'T', 97, 0, 0, 0, 'Actividades de los hogares como empleadores de personal doméstico'),
(798, 'T', 98, 1, 0, 0, 'Actividades no diferenciadas de los hogares como productores de bienes para uso propio'),
(799, 'T', 98, 2, 0, 0, 'Actividadesnodiferenciadasdeloshogarescomoproductoresdeserviciosparausopropio'),
(800, 'U', 99, 0, 0, 0, 'Actividades de organizaciones y órganos extraterritoriales');

-- --------------------------------------------------------

--
-- Estructura de tabla para la tabla `representante_empresa`
--

CREATE TABLE IF NOT EXISTS `representante_empresa` (
  `id` bigint(20) unsigned NOT NULL AUTO_INCREMENT,
  `nombres_representante` varchar(100) CHARACTER SET latin1 NOT NULL,
  `telefono` varchar(20) CHARACTER SET latin1 NOT NULL,
  `correo` varchar(50) CHARACTER SET latin1 NOT NULL,
  `cedula` varchar(20) CHARACTER SET latin1 NOT NULL,
  `id_empresa` int(11) NOT NULL,
  UNIQUE KEY `id` (`id`)
) ENGINE=InnoDB DEFAULT CHARSET=utf8 AUTO_INCREMENT=1 ;

-- --------------------------------------------------------

--
-- Estructura de tabla para la tabla `seccion`
--

CREATE TABLE IF NOT EXISTS `seccion` (
  `id` bigint(20) unsigned NOT NULL AUTO_INCREMENT,
  `codigo` varchar(5) CHARACTER SET latin1 NOT NULL,
  `seccion` varchar(255) CHARACTER SET latin1 NOT NULL,
  PRIMARY KEY (`id`),
  UNIQUE KEY `id` (`id`)
) ENGINE=InnoDB  DEFAULT CHARSET=utf8 AUTO_INCREMENT=22 ;

--
-- Volcado de datos para la tabla `seccion`
--

INSERT INTO `seccion` (`id`, `codigo`, `seccion`) VALUES
(1, 'A', 'Agricultura, ganadería, caza, silvicultura y pesca'),
(2, 'B', 'Explotación de minas y canteras'),
(3, 'C', 'Industrias manufactureras'),
(4, 'D', 'Suministro de electricidad, gas, vapor y aire acondicionado'),
(5, 'E', 'Suministro de agua; evacuación de aguas residuales, gestión de desechos y descontaminación'),
(6, 'F', 'Construcción'),
(7, 'G', 'Comercio al por mayor y al por menor; reparación de vehículos automotores y motocicletas'),
(8, 'H', 'Transporte y almacenamiento'),
(9, 'I', 'Actividades de alojamiento y de servicio de comidas'),
(10, 'J', 'Información y comunicaciones'),
(11, 'K', 'Actividades financieras y de seguros'),
(12, 'L', 'Actividades inmobiliarias'),
(13, 'M', 'Actividades profesionales, científicas y técnicas'),
(14, 'N', 'Actividades de servicios administrativos y de apoyo'),
(15, 'O', 'Administración pública y defensa; planes de seguridad social de afiliación obligatoria'),
(16, 'P', 'Educación'),
(17, 'Q', 'Salud humana y servicios sociales'),
(18, 'R', 'Actividades artísticas de entretenimiento y recreativas'),
(19, 'S', 'Otras actividades de servicios'),
(20, 'T', 'Actividades de los hogares como empleadores; actividades no diferenciadas de los hogares como productores de bienes y servicios para uso propio'),
(21, 'U', ' Actividades de organizaciones y órganos extraterritoriales');

-- --------------------------------------------------------

--
-- Estructura de tabla para la tabla `sector`
--

CREATE TABLE IF NOT EXISTS `sector` (
  `id` int(11) unsigned NOT NULL AUTO_INCREMENT,
  `nombre` varchar(255) CHARACTER SET latin1 NOT NULL,
  UNIQUE KEY `id` (`id`)
) ENGINE=InnoDB  DEFAULT CHARSET=utf8 AUTO_INCREMENT=3 ;

--
-- Volcado de datos para la tabla `sector`
--

INSERT INTO `sector` (`id`, `nombre`) VALUES
(1, 'Publico'),
(2, 'Privado');

-- --------------------------------------------------------

--
-- Estructura de tabla para la tabla `sindicato`
--

CREATE TABLE IF NOT EXISTS `sindicato` (
  `id` bigint(20) unsigned NOT NULL AUTO_INCREMENT,
  `nombre` varchar(255) CHARACTER SET latin1 NOT NULL,
  `siglas` varchar(20) CHARACTER SET latin1 NOT NULL,
  `nro_boleta_inscripcion` varchar(15) CHARACTER SET latin1 NOT NULL,
  `folio_registro` smallint(6) NOT NULL,
  `tomo_registroo` varchar(255) CHARACTER SET latin1 NOT NULL,
  `rif` varchar(20) CHARACTER SET latin1 NOT NULL,
  `direccion` varchar(255) CHARACTER SET latin1 NOT NULL,
  `estado` int(11) NOT NULL,
  `municipio` int(11) NOT NULL,
  `parroquia` int(11) NOT NULL,
  `telefono` varchar(100) CHARACTER SET latin1 NOT NULL,
  `federacion_nacional` varchar(255) CHARACTER SET latin1 NOT NULL,
  `federacion_regional` varchar(255) CHARACTER SET latin1 NOT NULL,
  `sector` int(11) unsigned NOT NULL,
  `ambito` int(11) NOT NULL,
  `tipo_organizacion` tinyint(11) unsigned NOT NULL,
  `fecha_registro` date NOT NULL,
  `fecha_actualizacion` date NOT NULL,
  `duracion_junta_directiva` int(11) NOT NULL,
  `fecha_inicio_vigencia` date NOT NULL,
  `fecha_cese_vigencia` date NOT NULL,
  `fecha_informe_finanzas` date NOT NULL,
  `fecha_nomina_afiliado` date NOT NULL,
  `fecha_ultimas_elecciones` date NOT NULL,
  `cod_convencion` bigint(20) unsigned NOT NULL,
  PRIMARY KEY (`id`),
  UNIQUE KEY `id` (`id`),
  KEY `estado` (`estado`),
  KEY `municipio` (`municipio`),
  KEY `parroquia` (`parroquia`),
  KEY `sector` (`sector`),
  KEY `ambito` (`ambito`),
  KEY `tipo_organizacion` (`tipo_organizacion`),
  KEY `cod_convencion` (`cod_convencion`)
) ENGINE=InnoDB  DEFAULT CHARSET=utf8 AUTO_INCREMENT=11 ;

--
-- Volcado de datos para la tabla `sindicato`
--

INSERT INTO `sindicato` (`id`, `nombre`, `siglas`, `nro_boleta_inscripcion`, `folio_registro`, `tomo_registroo`, `rif`, `direccion`, `estado`, `municipio`, `parroquia`, `telefono`, `federacion_nacional`, `federacion_regional`, `sector`, `ambito`, `tipo_organizacion`, `fecha_registro`, `fecha_actualizacion`, `duracion_junta_directiva`, `fecha_inicio_vigencia`, `fecha_cese_vigencia`, `fecha_informe_finanzas`, `fecha_nomina_afiliado`, `fecha_ultimas_elecciones`, `cod_convencion`) VALUES
(1, 'sindicato12', '1', '1234-12-12345', 1, '1', 'V173898148', 'caracas', 24, 462, 1119, '0212-4813637/0212-4813638', '2015-11-11', 'nose', 2, 2, 2, '2005-11-01', '2015-11-11', 9, '2015-10-15', '2015-10-31', '2015-10-14', '2015-12-31', '2007-03-21', 8),
(2, 'sindicato1', '1', '1234-12-12345', 12, '12', 'V173898148', 'caracas', 2, 26, 71, '0212-4813639/0212-4813639', 'nose', 'nose', 2, 2, 2, '2015-10-13', '2015-10-08', 111, '2015-09-30', '2015-10-02', '2015-10-21', '2015-10-28', '2015-10-07', 23),
(3, 'sindicato4', '4', '1234-12-12345', 1, '1', 'V173898148', 'caracas', 14, 226, 614, '0212-4813639/0212-4813639', 'nose', 'nose', 1, 1, 2, '2015-10-28', '2015-10-21', 111, '2015-10-15', '2015-10-08', '2015-10-08', '2015-10-08', '2015-10-09', 25),
(4, 'sindicato44', '44', '1234-12-12345', 32767, '123', 'V173898149', 'caracas', 2, 9, 29, '0212-4813639/0212-4813639', 'nose', 'nose', 2, 2, 1, '2015-09-30', '2015-10-07', 111, '2015-10-07', '2015-10-21', '2015-10-29', '2015-10-15', '2015-10-22', 25),
(5, 'sindicato4', '4', '1234-12-12345', 1, '1', 'V173898148', 'caracas', 14, 234, 633, '0212-4813639', 'nose', 'nose', 1, 1, 2, '2015-10-13', '2015-10-08', 111, '2015-10-14', '2015-10-14', '2015-10-07', '2015-10-22', '2015-10-28', 26),
(6, 'sindicato unico de trabajadores', 'SUT', '0202-02-12345', 12, '12', 'V173898149', 'caracas', 24, 462, 1119, '0212-4813639', 'nose', 'nose', 1, 2, 1, '2015-10-23', '2015-10-23', 10, '2015-10-01', '2015-10-23', '0000-00-00', '2015-10-28', '2015-10-28', 8),
(7, 'sindicato1', '1', '1234-12-12345', 2, '23', '', 'caracas', 2, 11, 31, '0212-4813639', 'nose', 'nose', 2, 2, 2, '2015-10-27', '2015-10-30', 9, '2015-10-27', '2015-10-27', '0000-00-00', '2015-10-27', '2015-10-27', 10),
(8, 'probando sindicatp', 'ps', '1234-12-12345', 2, '2', 'v173898149', 'caracas', 24, 462, 1123, '0212-4813639', 'nose', 'nose', 2, 2, 2, '2015-11-11', '2015-11-04', 10, '2015-11-27', '2015-11-30', '0000-00-00', '2015-11-30', '2015-11-30', 27),
(9, 'sindicato unico de trabajadores', 'SUT', '1234-12-12345', 2, '2', 'V-173898149', 'caracas', 6, 68, 226, '0212-4813639', 'nose', 'nose', 2, 1, 2, '2015-11-17', '2015-11-19', 10, '2015-11-18', '2015-11-30', '0000-00-00', '2015-11-25', '2015-11-18', 28),
(10, 'unico de trabajadores', 'ut', '1234-12-12345', 2, '2', '', 'caracas, no se, no se', 24, 462, 1119, '0212-3336677', 'no se', ' no se', 1, 2, 1, '2015-11-01', '2015-11-01', 10, '2015-11-04', '2015-11-30', '0000-00-00', '2015-11-25', '2015-11-25', 29);

-- --------------------------------------------------------

--
-- Estructura de tabla para la tabla `tipo_organizacion`
--

CREATE TABLE IF NOT EXISTS `tipo_organizacion` (
  `id` tinyint(11) unsigned NOT NULL AUTO_INCREMENT,
  `descripcion` varchar(100) CHARACTER SET latin1 NOT NULL,
  UNIQUE KEY `id` (`id`)
) ENGINE=InnoDB  DEFAULT CHARSET=utf8 AUTO_INCREMENT=5 ;

--
-- Volcado de datos para la tabla `tipo_organizacion`
--

INSERT INTO `tipo_organizacion` (`id`, `descripcion`) VALUES
(1, 'Sindicato'),
(2, 'Federación'),
(3, 'Confederación'),
(4, 'Coalisión De Trabajadores');

-- --------------------------------------------------------

--
-- Estructura de tabla para la tabla `tipo_sindicato`
--

CREATE TABLE IF NOT EXISTS `tipo_sindicato` (
  `id` bigint(20) unsigned NOT NULL AUTO_INCREMENT,
  `nombre_cargo` varchar(100) NOT NULL,
  PRIMARY KEY (`id`),
  UNIQUE KEY `id` (`id`)
) ENGINE=InnoDB  DEFAULT CHARSET=utf8 COMMENT='tabla de tipos de cargo en los sindicatos' AUTO_INCREMENT=16 ;

--
-- Volcado de datos para la tabla `tipo_sindicato`
--

INSERT INTO `tipo_sindicato` (`id`, `nombre_cargo`) VALUES
(1, 'Trabajadores amparados por la convención colectiva'),
(2, 'Trabajadores Afiliados al Sindicato'),
(3, 'Secretario general'),
(4, 'Secretario ejecutivo'),
(5, 'Secretario del Tesorero'),
(6, 'Secretario de finanzas'),
(7, 'Secretario de trabajo y Reclamos'),
(8, 'Secretario de Cultura y Deporte'),
(9, 'Secretario de Organización'),
(10, 'Secretario de Actas y Correspondencia'),
(11, 'Secretario de Salud Laboral'),
(12, 'Secretario de vigilancia y Disciplina'),
(13, 'Secretario Otro'),
(14, 'Delegado sindical'),
(15, 'Asesor');

-- --------------------------------------------------------

--
-- Estructura de tabla para la tabla `trabajador_sindicato`
--

CREATE TABLE IF NOT EXISTS `trabajador_sindicato` (
  `id` bigint(20) unsigned NOT NULL AUTO_INCREMENT,
  `nomina_sindicato` bigint(20) unsigned NOT NULL,
  `trabajador` bigint(20) unsigned NOT NULL,
  `trabajadores_amparados_conve_col` tinyint(1) NOT NULL,
  `trabajadores_afiliados_sindicato` tinyint(1) NOT NULL,
  `secretario_general` tinyint(1) NOT NULL,
  `secretario_ejecutivo` tinyint(1) NOT NULL,
  `secretario_tesorero` tinyint(1) NOT NULL,
  `secretario_finanzas` tinyint(1) NOT NULL,
  `secretario_trabajo_reclamos` tinyint(1) NOT NULL,
  `secretario_cultura_deporte` tinyint(1) NOT NULL,
  `secretario_organizacion` tinyint(1) NOT NULL,
  `secretario_actas_correspondencias` tinyint(1) NOT NULL,
  `secretario_salud_laboral` tinyint(1) NOT NULL,
  `secretario_vigilancia_disciplina` tinyint(1) NOT NULL,
  `secretario_otro` tinyint(1) NOT NULL,
  `delegado_sindical` tinyint(1) NOT NULL,
  PRIMARY KEY (`nomina_sindicato`,`trabajador`),
  UNIQUE KEY `id` (`id`),
  UNIQUE KEY `nomina_sindicato_2` (`nomina_sindicato`,`trabajador`),
  KEY `nomina_sindicato` (`nomina_sindicato`),
  KEY `trabajador` (`trabajador`)
) ENGINE=InnoDB  DEFAULT CHARSET=utf8 AUTO_INCREMENT=605 ;

--
-- Volcado de datos para la tabla `trabajador_sindicato`
--

INSERT INTO `trabajador_sindicato` (`id`, `nomina_sindicato`, `trabajador`, `trabajadores_amparados_conve_col`, `trabajadores_afiliados_sindicato`, `secretario_general`, `secretario_ejecutivo`, `secretario_tesorero`, `secretario_finanzas`, `secretario_trabajo_reclamos`, `secretario_cultura_deporte`, `secretario_organizacion`, `secretario_actas_correspondencias`, `secretario_salud_laboral`, `secretario_vigilancia_disciplina`, `secretario_otro`, `delegado_sindical`) VALUES
(8, 8, 6697264, 1, 1, 0, 0, 0, 0, 0, 0, 0, 0, 0, 0, 0, 0),
(38, 8, 7124495, 1, 1, 0, 0, 0, 0, 0, 0, 0, 0, 0, 0, 0, 0),
(5, 8, 7127124, 1, 1, 0, 0, 0, 0, 0, 0, 0, 0, 0, 0, 0, 0),
(28, 8, 8673908, 1, 1, 0, 0, 0, 0, 0, 0, 0, 0, 0, 0, 0, 0),
(34, 8, 8846297, 1, 1, 0, 0, 0, 0, 0, 0, 0, 0, 0, 0, 0, 0),
(26, 8, 8847435, 1, 1, 0, 0, 0, 0, 0, 0, 0, 0, 0, 0, 0, 0),
(6, 8, 9403674, 1, 1, 0, 0, 0, 0, 0, 0, 0, 0, 0, 0, 0, 0),
(40, 8, 9633381, 1, 1, 0, 0, 0, 0, 0, 0, 0, 0, 0, 0, 0, 0),
(12, 8, 9862027, 1, 1, 0, 0, 0, 0, 0, 0, 0, 0, 0, 0, 0, 0),
(43, 8, 10059762, 1, 1, 0, 0, 0, 0, 0, 0, 0, 0, 0, 0, 0, 0),
(18, 8, 12102386, 1, 1, 0, 0, 0, 0, 0, 0, 0, 0, 0, 0, 0, 0),
(33, 8, 12310091, 1, 1, 0, 0, 0, 0, 0, 0, 0, 0, 0, 0, 0, 0),
(21, 8, 12481902, 1, 1, 0, 0, 0, 0, 0, 0, 0, 0, 0, 0, 0, 0),
(15, 8, 12522371, 1, 1, 0, 0, 0, 0, 0, 0, 0, 0, 0, 0, 0, 0),
(50, 8, 12568645, 1, 1, 0, 0, 0, 0, 0, 0, 0, 0, 0, 0, 0, 0),
(41, 8, 13046909, 1, 1, 0, 0, 0, 0, 0, 0, 0, 0, 0, 0, 0, 0),
(37, 8, 13103016, 1, 1, 0, 0, 0, 0, 0, 0, 0, 0, 0, 0, 0, 0),
(29, 8, 13618300, 1, 1, 0, 0, 0, 0, 0, 0, 0, 0, 0, 0, 0, 0),
(19, 8, 13723399, 1, 1, 0, 0, 0, 0, 0, 0, 0, 0, 0, 0, 0, 0),
(20, 8, 14181858, 1, 1, 0, 0, 0, 0, 0, 0, 0, 0, 0, 0, 0, 0),
(22, 8, 14186987, 1, 1, 0, 0, 0, 0, 0, 0, 0, 0, 0, 0, 0, 0),
(11, 8, 14303141, 1, 1, 0, 0, 0, 0, 0, 0, 0, 0, 0, 0, 0, 0),
(3, 8, 14495920, 1, 1, 0, 0, 0, 0, 0, 0, 0, 0, 0, 0, 0, 0),
(14, 8, 14819080, 1, 1, 0, 0, 0, 0, 0, 0, 0, 0, 0, 0, 0, 0),
(24, 8, 14819405, 1, 1, 0, 0, 0, 0, 0, 0, 0, 0, 0, 0, 0, 0),
(30, 8, 15529327, 1, 1, 0, 0, 0, 0, 0, 0, 0, 0, 0, 0, 0, 0),
(46, 8, 15652960, 1, 1, 0, 0, 0, 0, 0, 0, 0, 0, 0, 0, 0, 0),
(10, 8, 15684169, 1, 1, 0, 0, 0, 0, 0, 0, 0, 0, 0, 0, 0, 0),
(25, 8, 15975376, 1, 1, 0, 0, 0, 0, 0, 0, 0, 0, 0, 0, 0, 0),
(47, 8, 16401991, 1, 1, 0, 0, 0, 0, 0, 0, 0, 0, 0, 0, 0, 0),
(32, 8, 17553105, 1, 1, 0, 0, 0, 0, 0, 0, 0, 0, 0, 0, 0, 0),
(35, 8, 17778944, 1, 1, 0, 0, 0, 0, 0, 0, 0, 0, 0, 0, 0, 0),
(49, 8, 17807331, 1, 1, 0, 0, 0, 0, 0, 0, 0, 0, 0, 0, 0, 0),
(17, 8, 17956886, 1, 1, 0, 0, 0, 0, 0, 0, 0, 0, 0, 0, 0, 0),
(4, 8, 18412958, 1, 1, 0, 0, 0, 0, 0, 0, 0, 0, 0, 0, 0, 0),
(27, 8, 18500489, 1, 1, 0, 0, 0, 0, 0, 0, 0, 0, 0, 0, 0, 0),
(48, 8, 18501659, 1, 1, 0, 0, 0, 0, 0, 0, 0, 0, 0, 0, 0, 0),
(2, 8, 19479129, 1, 1, 0, 0, 0, 0, 0, 0, 0, 0, 0, 0, 0, 0),
(16, 8, 19602230, 1, 1, 0, 0, 0, 0, 0, 0, 0, 0, 0, 0, 0, 0),
(1, 8, 19667073, 1, 1, 0, 0, 0, 0, 0, 0, 0, 0, 0, 0, 0, 0),
(42, 8, 19997004, 1, 1, 0, 0, 0, 0, 0, 0, 0, 0, 0, 0, 0, 0),
(13, 8, 20081131, 1, 1, 0, 0, 0, 0, 0, 0, 0, 0, 0, 0, 0, 0),
(9, 8, 20382854, 1, 1, 0, 0, 0, 0, 0, 0, 0, 0, 0, 0, 0, 0),
(45, 8, 20731635, 1, 1, 0, 0, 0, 0, 0, 0, 0, 0, 0, 0, 0, 0),
(7, 8, 20950942, 1, 1, 0, 0, 0, 0, 0, 0, 0, 0, 0, 0, 0, 0),
(23, 8, 22009154, 1, 1, 0, 0, 0, 0, 0, 0, 0, 0, 0, 0, 0, 0),
(36, 8, 22740182, 1, 1, 0, 0, 0, 0, 0, 0, 0, 0, 0, 0, 0, 0),
(39, 8, 23426565, 1, 1, 0, 0, 0, 0, 0, 0, 0, 0, 0, 0, 0, 0),
(31, 8, 23742497, 1, 1, 0, 0, 0, 0, 0, 0, 0, 0, 0, 0, 0, 0),
(44, 8, 24295242, 1, 1, 0, 0, 0, 0, 0, 0, 0, 0, 0, 0, 0, 0),
(562, 10, 6697264, 1, 1, 1, 0, 0, 0, 0, 0, 0, 0, 0, 0, 0, 0),
(592, 10, 7124495, 1, 1, 0, 1, 0, 0, 0, 0, 0, 0, 0, 0, 0, 0),
(559, 10, 7127124, 1, 1, 0, 0, 1, 0, 0, 0, 0, 0, 0, 0, 0, 0),
(582, 10, 8673908, 1, 1, 0, 0, 0, 1, 0, 0, 0, 0, 0, 0, 0, 0),
(588, 10, 8846297, 1, 1, 0, 0, 0, 0, 1, 0, 0, 0, 0, 0, 0, 0),
(580, 10, 8847435, 1, 1, 0, 0, 0, 0, 0, 1, 0, 0, 0, 0, 0, 0),
(560, 10, 9403674, 1, 1, 0, 0, 0, 0, 0, 0, 1, 0, 0, 0, 0, 0),
(594, 10, 9633381, 1, 1, 0, 0, 0, 0, 0, 0, 0, 1, 0, 0, 0, 0),
(566, 10, 9862027, 1, 1, 0, 0, 0, 0, 0, 0, 0, 0, 1, 0, 0, 0),
(597, 10, 10059762, 1, 1, 0, 0, 0, 0, 0, 0, 0, 0, 0, 1, 0, 0),
(572, 10, 12102386, 1, 1, 0, 0, 0, 0, 0, 0, 0, 0, 0, 0, 1, 0),
(587, 10, 12310091, 1, 1, 0, 0, 0, 0, 0, 0, 0, 0, 0, 0, 0, 1),
(575, 10, 12481902, 1, 1, 0, 0, 0, 0, 0, 0, 0, 0, 0, 0, 0, 0),
(569, 10, 12522371, 1, 1, 0, 0, 0, 0, 0, 0, 0, 0, 0, 0, 0, 0),
(604, 10, 12568645, 1, 1, 0, 0, 0, 0, 0, 0, 0, 0, 0, 0, 0, 0),
(595, 10, 13046909, 1, 1, 0, 0, 0, 0, 0, 0, 0, 0, 0, 0, 0, 0),
(591, 10, 13103016, 1, 1, 0, 0, 0, 0, 0, 0, 0, 0, 0, 0, 0, 0),
(583, 10, 13618300, 1, 1, 0, 0, 0, 0, 0, 0, 0, 0, 0, 0, 0, 0),
(573, 10, 13723399, 1, 1, 0, 0, 0, 0, 0, 0, 0, 0, 0, 0, 0, 0),
(574, 10, 14181858, 1, 1, 0, 0, 0, 0, 0, 0, 0, 0, 0, 0, 0, 0),
(576, 10, 14186987, 1, 1, 0, 0, 0, 0, 0, 0, 0, 0, 0, 0, 0, 0),
(565, 10, 14303141, 1, 1, 0, 0, 0, 0, 0, 0, 0, 0, 0, 0, 0, 0),
(557, 10, 14495920, 1, 1, 0, 0, 0, 0, 0, 0, 0, 0, 0, 0, 0, 0),
(568, 10, 14819080, 1, 1, 0, 0, 0, 0, 0, 0, 0, 0, 0, 0, 0, 0),
(578, 10, 14819405, 1, 1, 0, 0, 0, 0, 0, 0, 0, 0, 0, 0, 0, 0),
(584, 10, 15529327, 1, 1, 0, 0, 0, 0, 0, 0, 0, 0, 0, 0, 0, 0),
(600, 10, 15652960, 1, 1, 0, 0, 0, 0, 0, 0, 0, 0, 0, 0, 0, 0),
(564, 10, 15684169, 1, 1, 0, 0, 0, 0, 0, 0, 0, 0, 0, 0, 0, 0),
(579, 10, 15975376, 1, 1, 0, 0, 0, 0, 0, 0, 0, 0, 0, 0, 0, 0),
(601, 10, 16401991, 1, 1, 0, 0, 0, 0, 0, 0, 0, 0, 0, 0, 0, 0),
(586, 10, 17553105, 1, 1, 0, 0, 0, 0, 0, 0, 0, 0, 0, 0, 0, 0),
(589, 10, 17778944, 1, 1, 0, 0, 0, 0, 0, 0, 0, 0, 0, 0, 0, 0),
(603, 10, 17807331, 1, 1, 0, 0, 0, 0, 0, 0, 0, 0, 0, 0, 0, 0),
(571, 10, 17956886, 1, 1, 0, 0, 0, 0, 0, 0, 0, 0, 0, 0, 0, 0),
(558, 10, 18412958, 1, 1, 0, 0, 0, 0, 0, 0, 0, 0, 0, 0, 0, 0),
(581, 10, 18500489, 1, 1, 0, 0, 0, 0, 0, 0, 0, 0, 0, 0, 0, 0),
(602, 10, 18501659, 1, 1, 0, 0, 0, 0, 0, 0, 0, 0, 0, 0, 0, 0),
(556, 10, 19479129, 1, 1, 0, 0, 0, 0, 0, 0, 0, 0, 0, 0, 0, 0),
(570, 10, 19602230, 1, 1, 0, 0, 0, 0, 0, 0, 0, 0, 0, 0, 0, 0),
(555, 10, 19667073, 1, 1, 0, 0, 0, 0, 0, 0, 0, 0, 0, 0, 0, 0),
(596, 10, 19997004, 1, 1, 0, 0, 0, 0, 0, 0, 0, 0, 0, 0, 0, 0),
(567, 10, 20081131, 1, 1, 0, 0, 0, 0, 0, 0, 0, 0, 0, 0, 0, 0),
(563, 10, 20382854, 1, 1, 0, 0, 0, 0, 0, 0, 0, 0, 0, 0, 0, 0),
(599, 10, 20731635, 1, 1, 0, 0, 0, 0, 0, 0, 0, 0, 0, 0, 0, 0),
(561, 10, 20950942, 1, 1, 0, 0, 0, 0, 0, 0, 0, 0, 0, 0, 0, 0),
(577, 10, 22009154, 1, 1, 0, 0, 0, 0, 0, 0, 0, 0, 0, 0, 0, 0),
(590, 10, 22740182, 1, 1, 0, 0, 0, 0, 0, 0, 0, 0, 0, 0, 0, 0),
(593, 10, 23426565, 1, 1, 0, 0, 0, 0, 0, 0, 0, 0, 0, 0, 0, 0),
(585, 10, 23742497, 1, 1, 0, 0, 0, 0, 0, 0, 0, 0, 0, 0, 0, 0),
(598, 10, 24295242, 1, 1, 0, 0, 0, 0, 0, 0, 0, 0, 0, 0, 0, 0);

-- --------------------------------------------------------

--
-- Estructura de tabla para la tabla `usuario`
--

CREATE TABLE IF NOT EXISTS `usuario` (
  `id` bigint(20) unsigned NOT NULL AUTO_INCREMENT,
  `nombres` varchar(255) CHARACTER SET latin1 NOT NULL,
  `cedula` int(11) NOT NULL,
  `correo` varchar(255) CHARACTER SET latin1 NOT NULL,
  `nivel` tinyint(4) NOT NULL,
  `estatus` tinyint(1) NOT NULL,
  `telefono` varchar(100) CHARACTER SET latin1 NOT NULL,
  `login` varchar(255) CHARACTER SET latin1 NOT NULL,
  `clave` varchar(255) CHARACTER SET latin1 NOT NULL,
  UNIQUE KEY `id` (`id`)
) ENGINE=InnoDB  DEFAULT CHARSET=utf8 AUTO_INCREMENT=3 ;

--
-- Volcado de datos para la tabla `usuario`
--

INSERT INTO `usuario` (`id`, `nombres`, `cedula`, `correo`, `nivel`, `estatus`, `telefono`, `login`, `clave`) VALUES
(1, 'administrador', 123456, 'example@example.com', 1, 1, '02125555555', 'admin', '21232f297a57a5a743894a0e4a801fc3'),
(2, 'cargador', 123456, 'probando@probnado.com', 2, 1, '02124813639', 'cargador', 'f2b318b5e71f2afe39fcda462a7702f7');

--
-- Restricciones para tablas volcadas
--

--
-- Filtros para la tabla `clausuras`
--
ALTER TABLE `clausuras`
  ADD CONSTRAINT `clausuras_ibfk_1` FOREIGN KEY (`cod_convencion`) REFERENCES `convencion` (`id`);

--
-- Filtros para la tabla `convencion`
--
ALTER TABLE `convencion`
  ADD CONSTRAINT `convencion_ibfk_1` FOREIGN KEY (`inspectoria`) REFERENCES `inspectoria` (`id`),
  ADD CONSTRAINT `convencion_ibfk_2` FOREIGN KEY (`ambito`) REFERENCES `ambito` (`id`);

--
-- Filtros para la tabla `cruge_authassignment`
--
ALTER TABLE `cruge_authassignment`
  ADD CONSTRAINT `fk_cruge_authassignment_cruge_authitem1` FOREIGN KEY (`itemname`) REFERENCES `cruge_authitem` (`name`) ON DELETE NO ACTION ON UPDATE NO ACTION,
  ADD CONSTRAINT `fk_cruge_authassignment_user` FOREIGN KEY (`userid`) REFERENCES `cruge_user` (`iduser`) ON DELETE CASCADE ON UPDATE NO ACTION;

--
-- Filtros para la tabla `cruge_authitemchild`
--
ALTER TABLE `cruge_authitemchild`
  ADD CONSTRAINT `crugeauthitemchild_ibfk_1` FOREIGN KEY (`parent`) REFERENCES `cruge_authitem` (`name`) ON DELETE CASCADE ON UPDATE CASCADE,
  ADD CONSTRAINT `crugeauthitemchild_ibfk_2` FOREIGN KEY (`child`) REFERENCES `cruge_authitem` (`name`) ON DELETE CASCADE ON UPDATE CASCADE;

--
-- Filtros para la tabla `cruge_fieldvalue`
--
ALTER TABLE `cruge_fieldvalue`
  ADD CONSTRAINT `fk_cruge_fieldvalue_cruge_field1` FOREIGN KEY (`idfield`) REFERENCES `cruge_field` (`idfield`) ON DELETE CASCADE ON UPDATE NO ACTION,
  ADD CONSTRAINT `fk_cruge_fieldvalue_cruge_user1` FOREIGN KEY (`iduser`) REFERENCES `cruge_user` (`iduser`) ON DELETE CASCADE ON UPDATE NO ACTION;

--
-- Filtros para la tabla `empresa`
--
ALTER TABLE `empresa`
  ADD CONSTRAINT `empresa_ibfk_1` FOREIGN KEY (`actividad_economica`) REFERENCES `rama` (`id`),
  ADD CONSTRAINT `empresa_ibfk_2` FOREIGN KEY (`sector`) REFERENCES `sector` (`id`),
  ADD CONSTRAINT `empresa_ibfk_3` FOREIGN KEY (`estado`) REFERENCES `estados` (`id_estado`),
  ADD CONSTRAINT `empresa_ibfk_4` FOREIGN KEY (`municipio`) REFERENCES `municipios` (`id_municipio`),
  ADD CONSTRAINT `empresa_ibfk_5` FOREIGN KEY (`parroquia`) REFERENCES `parroquias` (`id_parroquia`),
  ADD CONSTRAINT `empresa_ibfk_6` FOREIGN KEY (`cod_convencion`) REFERENCES `convencion` (`id`);

--
-- Filtros para la tabla `nomina`
--
ALTER TABLE `nomina`
  ADD CONSTRAINT `nomina_ibfk_1` FOREIGN KEY (`cod_convencion`) REFERENCES `convencion` (`id`),
  ADD CONSTRAINT `nomina_ibfk_2` FOREIGN KEY (`nivel_educativo`) REFERENCES `nivel_educativo` (`cod_interno`);

--
-- Filtros para la tabla `nomina_tipo_sindicato`
--
ALTER TABLE `nomina_tipo_sindicato`
  ADD CONSTRAINT `nomina_tipo_sindicato_ibfk_4` FOREIGN KEY (`tipo_sindicato`) REFERENCES `tipo_sindicato` (`id`),
  ADD CONSTRAINT `nomina_tipo_sindicato_ibfk_5` FOREIGN KEY (`id_nomina`) REFERENCES `nomina` (`id`),
  ADD CONSTRAINT `nomina_tipo_sindicato_ibfk_6` FOREIGN KEY (`cod_convencion_nomina`) REFERENCES `nomina` (`cod_convencion`);

--
-- Filtros para la tabla `sindicato`
--
ALTER TABLE `sindicato`
  ADD CONSTRAINT `sindicato_ibfk_1` FOREIGN KEY (`estado`) REFERENCES `estados` (`id_estado`),
  ADD CONSTRAINT `sindicato_ibfk_2` FOREIGN KEY (`municipio`) REFERENCES `municipios` (`id_municipio`),
  ADD CONSTRAINT `sindicato_ibfk_3` FOREIGN KEY (`parroquia`) REFERENCES `parroquias` (`id_parroquia`),
  ADD CONSTRAINT `sindicato_ibfk_4` FOREIGN KEY (`sector`) REFERENCES `sector` (`id`),
  ADD CONSTRAINT `sindicato_ibfk_5` FOREIGN KEY (`ambito`) REFERENCES `ambito` (`id`),
  ADD CONSTRAINT `sindicato_ibfk_6` FOREIGN KEY (`tipo_organizacion`) REFERENCES `tipo_organizacion` (`id`),
  ADD CONSTRAINT `sindicato_ibfk_7` FOREIGN KEY (`cod_convencion`) REFERENCES `convencion` (`id`);

/*!40101 SET CHARACTER_SET_CLIENT=@OLD_CHARACTER_SET_CLIENT */;
/*!40101 SET CHARACTER_SET_RESULTS=@OLD_CHARACTER_SET_RESULTS */;
/*!40101 SET COLLATION_CONNECTION=@OLD_COLLATION_CONNECTION */;
